-- paradm db start
SET IDENTITY_INSERT USER_RECORD ON;
INSERT INTO USER_RECORD(ID,LOGIN_NAME,LOGIN_PWD,MODIFY_LOGIN_PWD,FIRST_NAME,LAST_NAME,FULL_NAME,COMPANY_ID,EMAIL,FAILED_ATTEMPT,MAX_ATTEMPT,CONNECTOR_FAILED_ATTEMPT,PWD_EXPIRY_DAY,LAST_PWD_UPDATE_DATE,LAST_LOGIN_DATE,PWD_RESET_FLAG,STATUS,USER_TYPE,USER_LINK_ID,PREFERENCE,LOCALE,USER_DEF_1,USER_DEF_2,USER_DEF_3,USER_DEF_4,USER_DEF_5,TWO_FACTOR_AUTH_ENABLE,RECORD_STATUS,UPDATE_COUNT,CREATOR_ID,CREATE_DATE,UPDATER_ID,UPDATE_DATE)
VALUES(0, 'administrator', '5e884898da28047151d0e56f8dc6292773603d0d6aabbdd62a11ef721d1542d8', 0, 'Administrator', '', 'Administrator', 0, '', 0, 3, 0, 30, NULL, NULL, 1, 0, 0, NULL, NULL, 'en', NULL, NULL, NULL, NULL, NULL, 0, 0, 0, 0, GETDATE(), 0, GETDATE());
SET IDENTITY_INSERT USER_RECORD OFF;

SET IDENTITY_INSERT PARADM_COMPANY_DATABASE_CONFIG ON;
INSERT INTO PARADM_COMPANY_DATABASE_CONFIG (ID, DS_DB_TYPE, DS_DRIVER_CLASS, DS_URL, DS_USERNAME, DS_PWD, DS_JNDI_NAME, DS_AUTO_COMMIT, DS_READ_ONLY, DS_MAX_ACTIVE, DS_MAX_IDLE, DS_MAX_WAIT, DS_POOL_PS, DS_MAX_OPEN_PS, DS_TRANSACTION_ISOLATION, DS_LOG_ABANDONED, DS_REMOVE_ABANDONED, DS_WHILE_IDLE, DB_FILE_DIRECTORY, DB_FILE_DEFAULT_SIZE, DB_FILE_MAX_SIZE, DB_FILE_GROWTH, DB_COLLATION, LOG_FILE_DIRECTORY, LOG_FILE_DEFAULT_SIZE, LOG_FILE_MAX_SIZE, LOG_FILE_GROWTH, DB_SEQ, DB_COUNT, MAX_DB_COUNT) 
VALUES (10000, 0, 'com.microsoft.sqlserver.jdbc.SQLServerDriver', 'jdbc:sqlserver://127.0.0.1:1433;databaseName=master', 'sa', 'P@ssw0rd', NULL, 'false', 'false', 60, 3, 5000, 'true', 500, 1, 'true', 'true', 'true', NULL, '5MB', 'UNLIMITED', '10%', 'SQL_Latin1_General_CP1_CI_AS', NULL, '5MB', 'UNLIMITED', '10%', 10000, 0, 500);
SET IDENTITY_INSERT PARADM_COMPANY_DATABASE_CONFIG OFF;

-- init for first time
SET IDENTITY_INSERT INIT_STEP_GROUP ON;
INSERT INTO INIT_STEP_GROUP(ID, GROUP_NAME, SEQ, RECORD_STATUS, UPDATE_COUNT, CREATOR_ID, CREATE_DATE, UPDATER_ID, UPDATE_DATE)
VALUES (10001, 'Create User', 1, 0, 0, 0, GETDATE(), 0, GETDATE());
INSERT INTO INIT_STEP_GROUP(ID, GROUP_NAME, SEQ, RECORD_STATUS, UPDATE_COUNT, CREATOR_ID, CREATE_DATE, UPDATER_ID, UPDATE_DATE)
VALUES (10002, 'Pick a Folder Template', 2, 0, 0, 0, GETDATE(), 0, GETDATE());
INSERT INTO INIT_STEP_GROUP(ID, GROUP_NAME, SEQ, RECORD_STATUS, UPDATE_COUNT, CREATOR_ID, CREATE_DATE, UPDATER_ID, UPDATE_DATE)
VALUES (10003, 'Assign Permission', 3, 0, 0, 0, GETDATE(), 0, GETDATE());
SET IDENTITY_INSERT INIT_STEP_GROUP OFF;

SET IDENTITY_INSERT INIT_STEP ON;
INSERT INTO INIT_STEP(ID, GROUP_ID, STEP_NAME, SEQ, URL, RECORD_STATUS, UPDATE_COUNT, CREATOR_ID, CREATE_DATE, UPDATER_ID, UPDATE_DATE)
VALUES (10001, 10001, 'Create User Step', 1, 'init/template/editUser', 0, 0, 0, GETDATE(), 0, GETDATE());
INSERT INTO INIT_STEP(ID, GROUP_ID, STEP_NAME, SEQ, URL, RECORD_STATUS, UPDATE_COUNT, CREATOR_ID, CREATE_DATE, UPDATER_ID, UPDATE_DATE)
VALUES (10002, 10002, 'Select Folder Template', 1, 'init/template/selectFolderTemplate', 0, 0, 0, GETDATE(), 0, GETDATE());
INSERT INTO INIT_STEP(ID, GROUP_ID, STEP_NAME, SEQ, URL, RECORD_STATUS, UPDATE_COUNT, CREATOR_ID, CREATE_DATE, UPDATER_ID, UPDATE_DATE)
VALUES (10003, 10002, 'Edit Folder Template', 2, 'init/template/editFolderTemplate', 0, 0, 0, GETDATE(), 0, GETDATE());
INSERT INTO INIT_STEP(ID, GROUP_ID, STEP_NAME, SEQ, URL, RECORD_STATUS, UPDATE_COUNT, CREATOR_ID, CREATE_DATE, UPDATER_ID, UPDATE_DATE)
VALUES (10004, 10003, 'Edit User Permission', 1, 'init/template/editUserPermission', 0, 0, 0, GETDATE(), 0, GETDATE());
SET IDENTITY_INSERT INIT_STEP OFF;

SET IDENTITY_INSERT INIT_SETUP_DOC_GROUP ON;
INSERT INTO INIT_SETUP_DOC_GROUP(ID, GROUP_NAME, RECORD_STATUS, UPDATE_COUNT, CREATOR_ID, CREATE_DATE, UPDATER_ID, UPDATE_DATE)
VALUES (10001, 'Less than 10', 0, 0, 0, GETDATE(), 0, GETDATE());
INSERT INTO INIT_SETUP_DOC_GROUP(ID, GROUP_NAME, RECORD_STATUS, UPDATE_COUNT, CREATOR_ID, CREATE_DATE, UPDATER_ID, UPDATE_DATE)
VALUES (10002, 'More than 10', 0, 0, 0, GETDATE(), 0, GETDATE());
SET IDENTITY_INSERT INIT_SETUP_DOC_GROUP OFF;

DELETE FROM INIT_SETUP_DOC_TEMPLATE;
SET IDENTITY_INSERT INIT_SETUP_DOC_TEMPLATE ON;
-- ROOT Less than 10
INSERT INTO INIT_SETUP_DOC_TEMPLATE (ID, DOC_GROUP_ID, DOC_NAME, DOC_TYPE, PARENT_ID, ROOT_DOC_ID, RECORD_STATUS, UPDATE_COUNT, CREATOR_ID, CREATE_DATE, UPDATER_ID, UPDATE_DATE) VALUES (10001, 10001, 'Balance Sheet', 0, 0, 10001, 0, 0, 0, GETDATE(), 0, GETDATE());
INSERT INTO INIT_SETUP_DOC_TEMPLATE (ID, DOC_GROUP_ID, DOC_NAME, DOC_TYPE, PARENT_ID, ROOT_DOC_ID, RECORD_STATUS, UPDATE_COUNT, CREATOR_ID, CREATE_DATE, UPDATER_ID, UPDATE_DATE) VALUES (10002, 10001, 'Claim Form', 0, 0, 10002, 0, 0, 0, GETDATE(), 0, GETDATE());
INSERT INTO INIT_SETUP_DOC_TEMPLATE (ID, DOC_GROUP_ID, DOC_NAME, DOC_TYPE, PARENT_ID, ROOT_DOC_ID, RECORD_STATUS, UPDATE_COUNT, CREATOR_ID, CREATE_DATE, UPDATER_ID, UPDATE_DATE) VALUES (10003, 10001, 'Company Notice', 0, 0, 10003, 0, 0, 0, GETDATE(), 0, GETDATE());
INSERT INTO INIT_SETUP_DOC_TEMPLATE (ID, DOC_GROUP_ID, DOC_NAME, DOC_TYPE, PARENT_ID, ROOT_DOC_ID, RECORD_STATUS, UPDATE_COUNT, CREATOR_ID, CREATE_DATE, UPDATER_ID, UPDATE_DATE) VALUES (10004, 10001, 'Event', 0, 0, 10004, 0, 0, 0, GETDATE(), 0, GETDATE());
INSERT INTO INIT_SETUP_DOC_TEMPLATE (ID, DOC_GROUP_ID, DOC_NAME, DOC_TYPE, PARENT_ID, ROOT_DOC_ID, RECORD_STATUS, UPDATE_COUNT, CREATOR_ID, CREATE_DATE, UPDATER_ID, UPDATE_DATE) VALUES (10005, 10001, 'Financial Report', 0, 0, 10005, 0, 0, 0, GETDATE(), 0, GETDATE());
INSERT INTO INIT_SETUP_DOC_TEMPLATE (ID, DOC_GROUP_ID, DOC_NAME, DOC_TYPE, PARENT_ID, ROOT_DOC_ID, RECORD_STATUS, UPDATE_COUNT, CREATOR_ID, CREATE_DATE, UPDATER_ID, UPDATE_DATE) VALUES (10006, 10001, 'IT Invoice', 0, 0, 10006, 0, 0, 0, GETDATE(), 0, GETDATE());
INSERT INTO INIT_SETUP_DOC_TEMPLATE (ID, DOC_GROUP_ID, DOC_NAME, DOC_TYPE, PARENT_ID, ROOT_DOC_ID, RECORD_STATUS, UPDATE_COUNT, CREATOR_ID, CREATE_DATE, UPDATER_ID, UPDATE_DATE) VALUES (10007, 10001, 'IT Manual', 0, 0, 10007, 0, 0, 0, GETDATE(), 0, GETDATE());
INSERT INTO INIT_SETUP_DOC_TEMPLATE (ID, DOC_GROUP_ID, DOC_NAME, DOC_TYPE, PARENT_ID, ROOT_DOC_ID, RECORD_STATUS, UPDATE_COUNT, CREATOR_ID, CREATE_DATE, UPDATER_ID, UPDATE_DATE) VALUES (10008, 10001, 'Job Application Form', 0, 0, 10008, 0, 0, 0, GETDATE(), 0, GETDATE());
INSERT INTO INIT_SETUP_DOC_TEMPLATE (ID, DOC_GROUP_ID, DOC_NAME, DOC_TYPE, PARENT_ID, ROOT_DOC_ID, RECORD_STATUS, UPDATE_COUNT, CREATOR_ID, CREATE_DATE, UPDATER_ID, UPDATE_DATE) VALUES (10009, 10001, 'Leave Application Form', 0, 0, 10009, 0, 0, 0, GETDATE(), 0, GETDATE());
INSERT INTO INIT_SETUP_DOC_TEMPLATE (ID, DOC_GROUP_ID, DOC_NAME, DOC_TYPE, PARENT_ID, ROOT_DOC_ID, RECORD_STATUS, UPDATE_COUNT, CREATOR_ID, CREATE_DATE, UPDATER_ID, UPDATE_DATE) VALUES (10010, 10001, 'Legal Document', 0, 0, 10010, 0, 0, 0, GETDATE(), 0, GETDATE());
INSERT INTO INIT_SETUP_DOC_TEMPLATE (ID, DOC_GROUP_ID, DOC_NAME, DOC_TYPE, PARENT_ID, ROOT_DOC_ID, RECORD_STATUS, UPDATE_COUNT, CREATOR_ID, CREATE_DATE, UPDATER_ID, UPDATE_DATE) VALUES (10011, 10001, 'Payroll', 0, 0, 10011, 0, 0, 0, GETDATE(), 0, GETDATE());
INSERT INTO INIT_SETUP_DOC_TEMPLATE (ID, DOC_GROUP_ID, DOC_NAME, DOC_TYPE, PARENT_ID, ROOT_DOC_ID, RECORD_STATUS, UPDATE_COUNT, CREATOR_ID, CREATE_DATE, UPDATER_ID, UPDATE_DATE) VALUES (10012, 10001, 'Staff Record', 0, 0, 10012, 0, 0, 0, GETDATE(), 0, GETDATE());
INSERT INTO INIT_SETUP_DOC_TEMPLATE (ID, DOC_GROUP_ID, DOC_NAME, DOC_TYPE, PARENT_ID, ROOT_DOC_ID, RECORD_STATUS, UPDATE_COUNT, CREATOR_ID, CREATE_DATE, UPDATER_ID, UPDATE_DATE) VALUES (10013, 10001, 'Statement', 0, 0, 10013, 0, 0, 0, GETDATE(), 0, GETDATE());
INSERT INTO INIT_SETUP_DOC_TEMPLATE (ID, DOC_GROUP_ID, DOC_NAME, DOC_TYPE, PARENT_ID, ROOT_DOC_ID, RECORD_STATUS, UPDATE_COUNT, CREATOR_ID, CREATE_DATE, UPDATER_ID, UPDATE_DATE) VALUES (10014, 10001, 'Trial Balance', 0, 0, 10014, 0, 0, 0, GETDATE(), 0, GETDATE());
INSERT INTO INIT_SETUP_DOC_TEMPLATE (ID, DOC_GROUP_ID, DOC_NAME, DOC_TYPE, PARENT_ID, ROOT_DOC_ID, RECORD_STATUS, UPDATE_COUNT, CREATOR_ID, CREATE_DATE, UPDATER_ID, UPDATE_DATE) VALUES (10015, 10001, 'Voucher', 0, 0, 10015, 0, 0, 0, GETDATE(), 0, GETDATE());

-- ROOT More than 10
INSERT INTO INIT_SETUP_DOC_TEMPLATE (ID, DOC_GROUP_ID, DOC_NAME, DOC_TYPE, PARENT_ID, ROOT_DOC_ID, RECORD_STATUS, UPDATE_COUNT, CREATOR_ID, CREATE_DATE, UPDATER_ID, UPDATE_DATE) VALUES (21000, 10002, 'Account & Finance', 0, 0, 21000, 0, 0, 0, GETDATE(), 0, GETDATE());
INSERT INTO INIT_SETUP_DOC_TEMPLATE (ID, DOC_GROUP_ID, DOC_NAME, DOC_TYPE, PARENT_ID, ROOT_DOC_ID, RECORD_STATUS, UPDATE_COUNT, CREATOR_ID, CREATE_DATE, UPDATER_ID, UPDATE_DATE) VALUES (22000, 10002, 'AEC', 0, 0, 22000, 0, 0, 0, GETDATE(), 0, GETDATE());
INSERT INTO INIT_SETUP_DOC_TEMPLATE (ID, DOC_GROUP_ID, DOC_NAME, DOC_TYPE, PARENT_ID, ROOT_DOC_ID, RECORD_STATUS, UPDATE_COUNT, CREATOR_ID, CREATE_DATE, UPDATER_ID, UPDATE_DATE) VALUES (23000, 10002, 'Clothing & Garment', 0, 0, 23000, 0, 0, 0, GETDATE(), 0, GETDATE());
INSERT INTO INIT_SETUP_DOC_TEMPLATE (ID, DOC_GROUP_ID, DOC_NAME, DOC_TYPE, PARENT_ID, ROOT_DOC_ID, RECORD_STATUS, UPDATE_COUNT, CREATOR_ID, CREATE_DATE, UPDATER_ID, UPDATE_DATE) VALUES (24000, 10002, 'Education', 0, 0, 24000, 0, 0, 0, GETDATE(), 0, GETDATE());
INSERT INTO INIT_SETUP_DOC_TEMPLATE (ID, DOC_GROUP_ID, DOC_NAME, DOC_TYPE, PARENT_ID, ROOT_DOC_ID, RECORD_STATUS, UPDATE_COUNT, CREATOR_ID, CREATE_DATE, UPDATER_ID, UPDATE_DATE) VALUES (25000, 10002, 'Healthcare', 0, 0, 25000, 0, 0, 0, GETDATE(), 0, GETDATE());
INSERT INTO INIT_SETUP_DOC_TEMPLATE (ID, DOC_GROUP_ID, DOC_NAME, DOC_TYPE, PARENT_ID, ROOT_DOC_ID, RECORD_STATUS, UPDATE_COUNT, CREATOR_ID, CREATE_DATE, UPDATER_ID, UPDATE_DATE) VALUES (26000, 10002, 'Insurance', 0, 0, 26000, 0, 0, 0, GETDATE(), 0, GETDATE());
INSERT INTO INIT_SETUP_DOC_TEMPLATE (ID, DOC_GROUP_ID, DOC_NAME, DOC_TYPE, PARENT_ID, ROOT_DOC_ID, RECORD_STATUS, UPDATE_COUNT, CREATOR_ID, CREATE_DATE, UPDATER_ID, UPDATE_DATE) VALUES (27000, 10002, 'Legal', 0, 0, 27000, 0, 0, 0, GETDATE(), 0, GETDATE());
INSERT INTO INIT_SETUP_DOC_TEMPLATE (ID, DOC_GROUP_ID, DOC_NAME, DOC_TYPE, PARENT_ID, ROOT_DOC_ID, RECORD_STATUS, UPDATE_COUNT, CREATOR_ID, CREATE_DATE, UPDATER_ID, UPDATE_DATE) VALUES (28000, 10002, 'Logistics', 0, 0, 28000, 0, 0, 0, GETDATE(), 0, GETDATE());
INSERT INTO INIT_SETUP_DOC_TEMPLATE (ID, DOC_GROUP_ID, DOC_NAME, DOC_TYPE, PARENT_ID, ROOT_DOC_ID, RECORD_STATUS, UPDATE_COUNT, CREATOR_ID, CREATE_DATE, UPDATER_ID, UPDATE_DATE) VALUES (29000, 10002, 'Marketing', 0, 0, 29000, 0, 0, 0, GETDATE(), 0, GETDATE());
-- Account & Finance
INSERT INTO INIT_SETUP_DOC_TEMPLATE (ID, DOC_GROUP_ID, DOC_NAME, DOC_TYPE, PARENT_ID, ROOT_DOC_ID, RECORD_STATUS, UPDATE_COUNT, CREATOR_ID, CREATE_DATE, UPDATER_ID, UPDATE_DATE) VALUES (21100, 10002, 'Banking', 0, 21000, 21000, 0, 0, 0, GETDATE(), 0, GETDATE());
INSERT INTO INIT_SETUP_DOC_TEMPLATE (ID, DOC_GROUP_ID, DOC_NAME, DOC_TYPE, PARENT_ID, ROOT_DOC_ID, RECORD_STATUS, UPDATE_COUNT, CREATOR_ID, CREATE_DATE, UPDATER_ID, UPDATE_DATE) VALUES (21200, 10002, 'Receivables', 0, 21000, 21000, 0, 0, 0, GETDATE(), 0, GETDATE());
INSERT INTO INIT_SETUP_DOC_TEMPLATE (ID, DOC_GROUP_ID, DOC_NAME, DOC_TYPE, PARENT_ID, ROOT_DOC_ID, RECORD_STATUS, UPDATE_COUNT, CREATOR_ID, CREATE_DATE, UPDATER_ID, UPDATE_DATE) VALUES (21300, 10002, 'Payables', 0, 21000, 21000, 0, 0, 0, GETDATE(), 0, GETDATE());
INSERT INTO INIT_SETUP_DOC_TEMPLATE (ID, DOC_GROUP_ID, DOC_NAME, DOC_TYPE, PARENT_ID, ROOT_DOC_ID, RECORD_STATUS, UPDATE_COUNT, CREATOR_ID, CREATE_DATE, UPDATER_ID, UPDATE_DATE) VALUES (21400, 10002, 'Payroll', 0, 21000, 21000, 0, 0, 0, GETDATE(), 0, GETDATE());
INSERT INTO INIT_SETUP_DOC_TEMPLATE (ID, DOC_GROUP_ID, DOC_NAME, DOC_TYPE, PARENT_ID, ROOT_DOC_ID, RECORD_STATUS, UPDATE_COUNT, CREATOR_ID, CREATE_DATE, UPDATER_ID, UPDATE_DATE) VALUES (21500, 10002, 'Financial Reporting', 0, 21000, 21000, 0, 0, 0, GETDATE(), 0, GETDATE());
INSERT INTO INIT_SETUP_DOC_TEMPLATE (ID, DOC_GROUP_ID, DOC_NAME, DOC_TYPE, PARENT_ID, ROOT_DOC_ID, RECORD_STATUS, UPDATE_COUNT, CREATOR_ID, CREATE_DATE, UPDATER_ID, UPDATE_DATE) VALUES (21600, 10002, 'Legal Matters', 0, 21000, 21000, 0, 0, 0, GETDATE(), 0, GETDATE());
INSERT INTO INIT_SETUP_DOC_TEMPLATE (ID, DOC_GROUP_ID, DOC_NAME, DOC_TYPE, PARENT_ID, ROOT_DOC_ID, RECORD_STATUS, UPDATE_COUNT, CREATOR_ID, CREATE_DATE, UPDATER_ID, UPDATE_DATE) VALUES (21700, 10002, 'Project Work', 0, 21000, 21000, 0, 0, 0, GETDATE(), 0, GETDATE());
INSERT INTO INIT_SETUP_DOC_TEMPLATE (ID, DOC_GROUP_ID, DOC_NAME, DOC_TYPE, PARENT_ID, ROOT_DOC_ID, RECORD_STATUS, UPDATE_COUNT, CREATOR_ID, CREATE_DATE, UPDATER_ID, UPDATE_DATE) VALUES (21800, 10002, 'Fixed Assets', 0, 21000, 21000, 0, 0, 0, GETDATE(), 0, GETDATE());
INSERT INTO INIT_SETUP_DOC_TEMPLATE (ID, DOC_GROUP_ID, DOC_NAME, DOC_TYPE, PARENT_ID, ROOT_DOC_ID, RECORD_STATUS, UPDATE_COUNT, CREATOR_ID, CREATE_DATE, UPDATER_ID, UPDATE_DATE) VALUES (21900, 10002, 'Others', 0, 21000, 21000, 0, 0, 0, GETDATE(), 0, GETDATE());
-- AEC 1
INSERT INTO INIT_SETUP_DOC_TEMPLATE (ID, DOC_GROUP_ID, DOC_NAME, DOC_TYPE, PARENT_ID, ROOT_DOC_ID, RECORD_STATUS, UPDATE_COUNT, CREATOR_ID, CREATE_DATE, UPDATER_ID, UPDATE_DATE) VALUES (22100, 10002, '[Project]', 0, 22000, 22000, 0, 0, 0, GETDATE(), 0, GETDATE());
INSERT INTO INIT_SETUP_DOC_TEMPLATE (ID, DOC_GROUP_ID, DOC_NAME, DOC_TYPE, PARENT_ID, ROOT_DOC_ID, RECORD_STATUS, UPDATE_COUNT, CREATOR_ID, CREATE_DATE, UPDATER_ID, UPDATE_DATE) VALUES (22200, 10002, 'Others', 0, 22000, 22000, 0, 0, 0, GETDATE(), 0, GETDATE());
-- AEC2
INSERT INTO INIT_SETUP_DOC_TEMPLATE (ID, DOC_GROUP_ID, DOC_NAME, DOC_TYPE, PARENT_ID, ROOT_DOC_ID, RECORD_STATUS, UPDATE_COUNT, CREATOR_ID, CREATE_DATE, UPDATER_ID, UPDATE_DATE) VALUES (22110, 10002, 'Budget & Cost Management', 0, 22100, 22000, 0, 0, 0, GETDATE(), 0, GETDATE());
INSERT INTO INIT_SETUP_DOC_TEMPLATE (ID, DOC_GROUP_ID, DOC_NAME, DOC_TYPE, PARENT_ID, ROOT_DOC_ID, RECORD_STATUS, UPDATE_COUNT, CREATOR_ID, CREATE_DATE, UPDATER_ID, UPDATE_DATE) VALUES (22120, 10002, 'Design & Drawing', 0, 22100, 22000, 0, 0, 0, GETDATE(), 0, GETDATE());
INSERT INTO INIT_SETUP_DOC_TEMPLATE (ID, DOC_GROUP_ID, DOC_NAME, DOC_TYPE, PARENT_ID, ROOT_DOC_ID, RECORD_STATUS, UPDATE_COUNT, CREATOR_ID, CREATE_DATE, UPDATER_ID, UPDATE_DATE) VALUES (22130, 10002, 'Environmental', 0, 22100, 22000, 0, 0, 0, GETDATE(), 0, GETDATE());
INSERT INTO INIT_SETUP_DOC_TEMPLATE (ID, DOC_GROUP_ID, DOC_NAME, DOC_TYPE, PARENT_ID, ROOT_DOC_ID, RECORD_STATUS, UPDATE_COUNT, CREATOR_ID, CREATE_DATE, UPDATER_ID, UPDATE_DATE) VALUES (22140, 10002, 'Operation', 0, 22100, 22000, 0, 0, 0, GETDATE(), 0, GETDATE());
INSERT INTO INIT_SETUP_DOC_TEMPLATE (ID, DOC_GROUP_ID, DOC_NAME, DOC_TYPE, PARENT_ID, ROOT_DOC_ID, RECORD_STATUS, UPDATE_COUNT, CREATOR_ID, CREATE_DATE, UPDATER_ID, UPDATE_DATE) VALUES (22150, 10002, 'QA', 0, 22100, 22000, 0, 0, 0, GETDATE(), 0, GETDATE());
INSERT INTO INIT_SETUP_DOC_TEMPLATE (ID, DOC_GROUP_ID, DOC_NAME, DOC_TYPE, PARENT_ID, ROOT_DOC_ID, RECORD_STATUS, UPDATE_COUNT, CREATOR_ID, CREATE_DATE, UPDATER_ID, UPDATE_DATE) VALUES (22160, 10002, 'Safety', 0, 22100, 22000, 0, 0, 0, GETDATE(), 0, GETDATE());
-- Clothing & Garment 1
INSERT INTO INIT_SETUP_DOC_TEMPLATE (ID, DOC_GROUP_ID, DOC_NAME, DOC_TYPE, PARENT_ID, ROOT_DOC_ID, RECORD_STATUS, UPDATE_COUNT, CREATOR_ID, CREATE_DATE, UPDATER_ID, UPDATE_DATE) VALUES (23100, 10002, 'Brand & Vendor', 0, 23000, 23000, 0, 0, 0, GETDATE(), 0, GETDATE());
INSERT INTO INIT_SETUP_DOC_TEMPLATE (ID, DOC_GROUP_ID, DOC_NAME, DOC_TYPE, PARENT_ID, ROOT_DOC_ID, RECORD_STATUS, UPDATE_COUNT, CREATOR_ID, CREATE_DATE, UPDATER_ID, UPDATE_DATE) VALUES (23200, 10002, 'Material', 0, 23000, 23000, 0, 0, 0, GETDATE(), 0, GETDATE());
INSERT INTO INIT_SETUP_DOC_TEMPLATE (ID, DOC_GROUP_ID, DOC_NAME, DOC_TYPE, PARENT_ID, ROOT_DOC_ID, RECORD_STATUS, UPDATE_COUNT, CREATOR_ID, CREATE_DATE, UPDATER_ID, UPDATE_DATE) VALUES (23300, 10002, 'Trademark', 0, 23000, 23000, 0, 0, 0, GETDATE(), 0, GETDATE());
INSERT INTO INIT_SETUP_DOC_TEMPLATE (ID, DOC_GROUP_ID, DOC_NAME, DOC_TYPE, PARENT_ID, ROOT_DOC_ID, RECORD_STATUS, UPDATE_COUNT, CREATOR_ID, CREATE_DATE, UPDATER_ID, UPDATE_DATE) VALUES (23400, 10002, 'Product', 0, 23000, 23000, 0, 0, 0, GETDATE(), 0, GETDATE());
INSERT INTO INIT_SETUP_DOC_TEMPLATE (ID, DOC_GROUP_ID, DOC_NAME, DOC_TYPE, PARENT_ID, ROOT_DOC_ID, RECORD_STATUS, UPDATE_COUNT, CREATOR_ID, CREATE_DATE, UPDATER_ID, UPDATE_DATE) VALUES (23500, 10002, 'Others', 0, 23000, 23000, 0, 0, 0, GETDATE(), 0, GETDATE());
-- Clothing & Garment 2
INSERT INTO INIT_SETUP_DOC_TEMPLATE (ID, DOC_GROUP_ID, DOC_NAME, DOC_TYPE, PARENT_ID, ROOT_DOC_ID, RECORD_STATUS, UPDATE_COUNT, CREATOR_ID, CREATE_DATE, UPDATER_ID, UPDATE_DATE) VALUES (23110, 10002, 'Agreement & Contract', 0, 23100, 23000, 0, 0, 0, GETDATE(), 0, GETDATE());
INSERT INTO INIT_SETUP_DOC_TEMPLATE (ID, DOC_GROUP_ID, DOC_NAME, DOC_TYPE, PARENT_ID, ROOT_DOC_ID, RECORD_STATUS, UPDATE_COUNT, CREATOR_ID, CREATE_DATE, UPDATER_ID, UPDATE_DATE) VALUES (23120, 10002, 'Other documents', 0, 23100, 23000, 0, 0, 0, GETDATE(), 0, GETDATE());
INSERT INTO INIT_SETUP_DOC_TEMPLATE (ID, DOC_GROUP_ID, DOC_NAME, DOC_TYPE, PARENT_ID, ROOT_DOC_ID, RECORD_STATUS, UPDATE_COUNT, CREATOR_ID, CREATE_DATE, UPDATER_ID, UPDATE_DATE) VALUES (23410, 10002, 'Design', 0, 23400, 23000, 0, 0, 0, GETDATE(), 0, GETDATE());
INSERT INTO INIT_SETUP_DOC_TEMPLATE (ID, DOC_GROUP_ID, DOC_NAME, DOC_TYPE, PARENT_ID, ROOT_DOC_ID, RECORD_STATUS, UPDATE_COUNT, CREATOR_ID, CREATE_DATE, UPDATER_ID, UPDATE_DATE) VALUES (23420, 10002, 'Cost and pricing', 0, 23400, 23000, 0, 0, 0, GETDATE(), 0, GETDATE());
-- Education 1
INSERT INTO INIT_SETUP_DOC_TEMPLATE (ID, DOC_GROUP_ID, DOC_NAME, DOC_TYPE, PARENT_ID, ROOT_DOC_ID, RECORD_STATUS, UPDATE_COUNT, CREATOR_ID, CREATE_DATE, UPDATER_ID, UPDATE_DATE) VALUES (24100, 10002, 'Administration', 0, 24000, 24000, 0, 0, 0, GETDATE(), 0, GETDATE());
INSERT INTO INIT_SETUP_DOC_TEMPLATE (ID, DOC_GROUP_ID, DOC_NAME, DOC_TYPE, PARENT_ID, ROOT_DOC_ID, RECORD_STATUS, UPDATE_COUNT, CREATOR_ID, CREATE_DATE, UPDATER_ID, UPDATE_DATE) VALUES (24200, 10002, 'Course', 0, 24000, 24000, 0, 0, 0, GETDATE(), 0, GETDATE());
INSERT INTO INIT_SETUP_DOC_TEMPLATE (ID, DOC_GROUP_ID, DOC_NAME, DOC_TYPE, PARENT_ID, ROOT_DOC_ID, RECORD_STATUS, UPDATE_COUNT, CREATOR_ID, CREATE_DATE, UPDATER_ID, UPDATE_DATE) VALUES (24300, 10002, 'Examination record', 0, 24000, 24000, 0, 0, 0, GETDATE(), 0, GETDATE());
INSERT INTO INIT_SETUP_DOC_TEMPLATE (ID, DOC_GROUP_ID, DOC_NAME, DOC_TYPE, PARENT_ID, ROOT_DOC_ID, RECORD_STATUS, UPDATE_COUNT, CREATOR_ID, CREATE_DATE, UPDATER_ID, UPDATE_DATE) VALUES (24400, 10002, 'HR', 0, 24000, 24000, 0, 0, 0, GETDATE(), 0, GETDATE());
INSERT INTO INIT_SETUP_DOC_TEMPLATE (ID, DOC_GROUP_ID, DOC_NAME, DOC_TYPE, PARENT_ID, ROOT_DOC_ID, RECORD_STATUS, UPDATE_COUNT, CREATOR_ID, CREATE_DATE, UPDATER_ID, UPDATE_DATE) VALUES (24500, 10002, 'Others', 0, 24000, 24000, 0, 0, 0, GETDATE(), 0, GETDATE());
-- Education 2
INSERT INTO INIT_SETUP_DOC_TEMPLATE (ID, DOC_GROUP_ID, DOC_NAME, DOC_TYPE, PARENT_ID, ROOT_DOC_ID, RECORD_STATUS, UPDATE_COUNT, CREATOR_ID, CREATE_DATE, UPDATER_ID, UPDATE_DATE) VALUES (24110, 10002, 'School Memo', 0, 24100, 24000, 0, 0, 0, GETDATE(), 0, GETDATE());
INSERT INTO INIT_SETUP_DOC_TEMPLATE (ID, DOC_GROUP_ID, DOC_NAME, DOC_TYPE, PARENT_ID, ROOT_DOC_ID, RECORD_STATUS, UPDATE_COUNT, CREATOR_ID, CREATE_DATE, UPDATER_ID, UPDATE_DATE) VALUES (24120, 10002, 'Yearly Report', 0, 24100, 24000, 0, 0, 0, GETDATE(), 0, GETDATE());
INSERT INTO INIT_SETUP_DOC_TEMPLATE (ID, DOC_GROUP_ID, DOC_NAME, DOC_TYPE, PARENT_ID, ROOT_DOC_ID, RECORD_STATUS, UPDATE_COUNT, CREATOR_ID, CREATE_DATE, UPDATER_ID, UPDATE_DATE) VALUES (24310, 10002, 'Paper', 0, 24300, 24000, 0, 0, 0, GETDATE(), 0, GETDATE());
INSERT INTO INIT_SETUP_DOC_TEMPLATE (ID, DOC_GROUP_ID, DOC_NAME, DOC_TYPE, PARENT_ID, ROOT_DOC_ID, RECORD_STATUS, UPDATE_COUNT, CREATOR_ID, CREATE_DATE, UPDATER_ID, UPDATE_DATE) VALUES (24320, 10002, 'Answer', 0, 24300, 24000, 0, 0, 0, GETDATE(), 0, GETDATE());
INSERT INTO INIT_SETUP_DOC_TEMPLATE (ID, DOC_GROUP_ID, DOC_NAME, DOC_TYPE, PARENT_ID, ROOT_DOC_ID, RECORD_STATUS, UPDATE_COUNT, CREATOR_ID, CREATE_DATE, UPDATER_ID, UPDATE_DATE) VALUES (24410, 10002, 'Student Record', 0, 24400, 24000, 0, 0, 0, GETDATE(), 0, GETDATE());
INSERT INTO INIT_SETUP_DOC_TEMPLATE (ID, DOC_GROUP_ID, DOC_NAME, DOC_TYPE, PARENT_ID, ROOT_DOC_ID, RECORD_STATUS, UPDATE_COUNT, CREATOR_ID, CREATE_DATE, UPDATER_ID, UPDATE_DATE) VALUES (24420, 10002, 'Staff Record', 0, 24400, 24000, 0, 0, 0, GETDATE(), 0, GETDATE());
-- Healthcare 
INSERT INTO INIT_SETUP_DOC_TEMPLATE (ID, DOC_GROUP_ID, DOC_NAME, DOC_TYPE, PARENT_ID, ROOT_DOC_ID, RECORD_STATUS, UPDATE_COUNT, CREATOR_ID, CREATE_DATE, UPDATER_ID, UPDATE_DATE) VALUES (25100, 10002, 'Patient information', 0, 25000, 25000, 0, 0, 0, GETDATE(), 0, GETDATE());
INSERT INTO INIT_SETUP_DOC_TEMPLATE (ID, DOC_GROUP_ID, DOC_NAME, DOC_TYPE, PARENT_ID, ROOT_DOC_ID, RECORD_STATUS, UPDATE_COUNT, CREATOR_ID, CREATE_DATE, UPDATER_ID, UPDATE_DATE) VALUES (25200, 10002, 'Inpatient record', 0, 25000, 25000, 0, 0, 0, GETDATE(), 0, GETDATE());
INSERT INTO INIT_SETUP_DOC_TEMPLATE (ID, DOC_GROUP_ID, DOC_NAME, DOC_TYPE, PARENT_ID, ROOT_DOC_ID, RECORD_STATUS, UPDATE_COUNT, CREATOR_ID, CREATE_DATE, UPDATER_ID, UPDATE_DATE) VALUES (25300, 10002, 'Outpatient record', 0, 25000, 25000, 0, 0, 0, GETDATE(), 0, GETDATE());
-- Insurance
INSERT INTO INIT_SETUP_DOC_TEMPLATE (ID, DOC_GROUP_ID, DOC_NAME, DOC_TYPE, PARENT_ID, ROOT_DOC_ID, RECORD_STATUS, UPDATE_COUNT, CREATOR_ID, CREATE_DATE, UPDATER_ID, UPDATE_DATE) VALUES (26100, 10002, 'Administration', 0, 26000, 26000, 0, 0, 0, GETDATE(), 0, GETDATE());
INSERT INTO INIT_SETUP_DOC_TEMPLATE (ID, DOC_GROUP_ID, DOC_NAME, DOC_TYPE, PARENT_ID, ROOT_DOC_ID, RECORD_STATUS, UPDATE_COUNT, CREATOR_ID, CREATE_DATE, UPDATER_ID, UPDATE_DATE) VALUES (26200, 10002, 'Account', 0, 26000, 26000, 0, 0, 0, GETDATE(), 0, GETDATE());
INSERT INTO INIT_SETUP_DOC_TEMPLATE (ID, DOC_GROUP_ID, DOC_NAME, DOC_TYPE, PARENT_ID, ROOT_DOC_ID, RECORD_STATUS, UPDATE_COUNT, CREATOR_ID, CREATE_DATE, UPDATER_ID, UPDATE_DATE) VALUES (26300, 10002, 'Assist and Libitily', 0, 26000, 26000, 0, 0, 0, GETDATE(), 0, GETDATE());
INSERT INTO INIT_SETUP_DOC_TEMPLATE (ID, DOC_GROUP_ID, DOC_NAME, DOC_TYPE, PARENT_ID, ROOT_DOC_ID, RECORD_STATUS, UPDATE_COUNT, CREATOR_ID, CREATE_DATE, UPDATER_ID, UPDATE_DATE) VALUES (26400, 10002, 'Audit', 0, 26000, 26000, 0, 0, 0, GETDATE(), 0, GETDATE());
INSERT INTO INIT_SETUP_DOC_TEMPLATE (ID, DOC_GROUP_ID, DOC_NAME, DOC_TYPE, PARENT_ID, ROOT_DOC_ID, RECORD_STATUS, UPDATE_COUNT, CREATOR_ID, CREATE_DATE, UPDATER_ID, UPDATE_DATE) VALUES (26500, 10002, 'Claims', 0, 26000, 26000, 0, 0, 0, GETDATE(), 0, GETDATE());
INSERT INTO INIT_SETUP_DOC_TEMPLATE (ID, DOC_GROUP_ID, DOC_NAME, DOC_TYPE, PARENT_ID, ROOT_DOC_ID, RECORD_STATUS, UPDATE_COUNT, CREATOR_ID, CREATE_DATE, UPDATER_ID, UPDATE_DATE) VALUES (26600, 10002, 'Health', 0, 26000, 26000, 0, 0, 0, GETDATE(), 0, GETDATE());
INSERT INTO INIT_SETUP_DOC_TEMPLATE (ID, DOC_GROUP_ID, DOC_NAME, DOC_TYPE, PARENT_ID, ROOT_DOC_ID, RECORD_STATUS, UPDATE_COUNT, CREATOR_ID, CREATE_DATE, UPDATER_ID, UPDATE_DATE) VALUES (26700, 10002, 'Home-mortage', 0, 26000, 26000, 0, 0, 0, GETDATE(), 0, GETDATE());
INSERT INTO INIT_SETUP_DOC_TEMPLATE (ID, DOC_GROUP_ID, DOC_NAME, DOC_TYPE, PARENT_ID, ROOT_DOC_ID, RECORD_STATUS, UPDATE_COUNT, CREATOR_ID, CREATE_DATE, UPDATER_ID, UPDATE_DATE) VALUES (26800, 10002, 'Motor', 0, 26000, 26000, 0, 0, 0, GETDATE(), 0, GETDATE());
INSERT INTO INIT_SETUP_DOC_TEMPLATE (ID, DOC_GROUP_ID, DOC_NAME, DOC_TYPE, PARENT_ID, ROOT_DOC_ID, RECORD_STATUS, UPDATE_COUNT, CREATOR_ID, CREATE_DATE, UPDATER_ID, UPDATE_DATE) VALUES (26900, 10002, 'Retirement', 0, 26000, 26000, 0, 0, 0, GETDATE(), 0, GETDATE());
INSERT INTO INIT_SETUP_DOC_TEMPLATE (ID, DOC_GROUP_ID, DOC_NAME, DOC_TYPE, PARENT_ID, ROOT_DOC_ID, RECORD_STATUS, UPDATE_COUNT, CREATOR_ID, CREATE_DATE, UPDATER_ID, UPDATE_DATE) VALUES (261000, 10002, 'Travel', 0, 26000, 26000, 0, 0, 0, GETDATE(), 0, GETDATE());
-- Legal 
INSERT INTO INIT_SETUP_DOC_TEMPLATE (ID, DOC_GROUP_ID, DOC_NAME, DOC_TYPE, PARENT_ID, ROOT_DOC_ID, RECORD_STATUS, UPDATE_COUNT, CREATOR_ID, CREATE_DATE, UPDATER_ID, UPDATE_DATE) VALUES (27100, 10002, 'Banking', 0, 27000, 27000, 0, 0, 0, GETDATE(), 0, GETDATE());
INSERT INTO INIT_SETUP_DOC_TEMPLATE (ID, DOC_GROUP_ID, DOC_NAME, DOC_TYPE, PARENT_ID, ROOT_DOC_ID, RECORD_STATUS, UPDATE_COUNT, CREATOR_ID, CREATE_DATE, UPDATER_ID, UPDATE_DATE) VALUES (27200, 10002, 'Crime', 0, 27000, 27000, 0, 0, 0, GETDATE(), 0, GETDATE());
INSERT INTO INIT_SETUP_DOC_TEMPLATE (ID, DOC_GROUP_ID, DOC_NAME, DOC_TYPE, PARENT_ID, ROOT_DOC_ID, RECORD_STATUS, UPDATE_COUNT, CREATOR_ID, CREATE_DATE, UPDATER_ID, UPDATE_DATE) VALUES (27300, 10002, 'Finance', 0, 27000, 27000, 0, 0, 0, GETDATE(), 0, GETDATE());
INSERT INTO INIT_SETUP_DOC_TEMPLATE (ID, DOC_GROUP_ID, DOC_NAME, DOC_TYPE, PARENT_ID, ROOT_DOC_ID, RECORD_STATUS, UPDATE_COUNT, CREATOR_ID, CREATE_DATE, UPDATER_ID, UPDATE_DATE) VALUES (27400, 10002, 'Health care', 0, 27000, 27000, 0, 0, 0, GETDATE(), 0, GETDATE());
INSERT INTO INIT_SETUP_DOC_TEMPLATE (ID, DOC_GROUP_ID, DOC_NAME, DOC_TYPE, PARENT_ID, ROOT_DOC_ID, RECORD_STATUS, UPDATE_COUNT, CREATOR_ID, CREATE_DATE, UPDATER_ID, UPDATE_DATE) VALUES (27500, 10002, 'Insurance', 0, 27000, 27000, 0, 0, 0, GETDATE(), 0, GETDATE());
INSERT INTO INIT_SETUP_DOC_TEMPLATE (ID, DOC_GROUP_ID, DOC_NAME, DOC_TYPE, PARENT_ID, ROOT_DOC_ID, RECORD_STATUS, UPDATE_COUNT, CREATOR_ID, CREATE_DATE, UPDATER_ID, UPDATE_DATE) VALUES (27600, 10002, 'Real Estate', 0, 27000, 27000, 0, 0, 0, GETDATE(), 0, GETDATE());
INSERT INTO INIT_SETUP_DOC_TEMPLATE (ID, DOC_GROUP_ID, DOC_NAME, DOC_TYPE, PARENT_ID, ROOT_DOC_ID, RECORD_STATUS, UPDATE_COUNT, CREATOR_ID, CREATE_DATE, UPDATER_ID, UPDATE_DATE) VALUES (27700, 10002, 'Retail', 0, 27000, 27000, 0, 0, 0, GETDATE(), 0, GETDATE());
INSERT INTO INIT_SETUP_DOC_TEMPLATE (ID, DOC_GROUP_ID, DOC_NAME, DOC_TYPE, PARENT_ID, ROOT_DOC_ID, RECORD_STATUS, UPDATE_COUNT, CREATOR_ID, CREATE_DATE, UPDATER_ID, UPDATE_DATE) VALUES (27800, 10002, 'Private Wealth Funds', 0, 27000, 27000, 0, 0, 0, GETDATE(), 0, GETDATE());
-- Logistics 
INSERT INTO INIT_SETUP_DOC_TEMPLATE (ID, DOC_GROUP_ID, DOC_NAME, DOC_TYPE, PARENT_ID, ROOT_DOC_ID, RECORD_STATUS, UPDATE_COUNT, CREATOR_ID, CREATE_DATE, UPDATER_ID, UPDATE_DATE) VALUES (28100, 10002, 'Sales', 0, 28000, 28000, 0, 0, 0, GETDATE(), 0, GETDATE());
INSERT INTO INIT_SETUP_DOC_TEMPLATE (ID, DOC_GROUP_ID, DOC_NAME, DOC_TYPE, PARENT_ID, ROOT_DOC_ID, RECORD_STATUS, UPDATE_COUNT, CREATOR_ID, CREATE_DATE, UPDATER_ID, UPDATE_DATE) VALUES (28200, 10002, 'Shipment', 0, 28000, 28000, 0, 0, 0, GETDATE(), 0, GETDATE());
INSERT INTO INIT_SETUP_DOC_TEMPLATE (ID, DOC_GROUP_ID, DOC_NAME, DOC_TYPE, PARENT_ID, ROOT_DOC_ID, RECORD_STATUS, UPDATE_COUNT, CREATOR_ID, CREATE_DATE, UPDATER_ID, UPDATE_DATE) VALUES (28300, 10002, 'Warehouse', 0, 28000, 28000, 0, 0, 0, GETDATE(), 0, GETDATE());
INSERT INTO INIT_SETUP_DOC_TEMPLATE (ID, DOC_GROUP_ID, DOC_NAME, DOC_TYPE, PARENT_ID, ROOT_DOC_ID, RECORD_STATUS, UPDATE_COUNT, CREATOR_ID, CREATE_DATE, UPDATER_ID, UPDATE_DATE) VALUES (28400, 10002, 'Others', 0, 28000, 28000, 0, 0, 0, GETDATE(), 0, GETDATE());
-- Marketing 1
INSERT INTO INIT_SETUP_DOC_TEMPLATE (ID, DOC_GROUP_ID, DOC_NAME, DOC_TYPE, PARENT_ID, ROOT_DOC_ID, RECORD_STATUS, UPDATE_COUNT, CREATOR_ID, CREATE_DATE, UPDATER_ID, UPDATE_DATE) VALUES (29100, 10002, 'Events', 0, 29000, 29000, 0, 0, 0, GETDATE(), 0, GETDATE());
INSERT INTO INIT_SETUP_DOC_TEMPLATE (ID, DOC_GROUP_ID, DOC_NAME, DOC_TYPE, PARENT_ID, ROOT_DOC_ID, RECORD_STATUS, UPDATE_COUNT, CREATOR_ID, CREATE_DATE, UPDATER_ID, UPDATE_DATE) VALUES (29200, 10002, 'Internal', 0, 29000, 29000, 0, 0, 0, GETDATE(), 0, GETDATE());
INSERT INTO INIT_SETUP_DOC_TEMPLATE (ID, DOC_GROUP_ID, DOC_NAME, DOC_TYPE, PARENT_ID, ROOT_DOC_ID, RECORD_STATUS, UPDATE_COUNT, CREATOR_ID, CREATE_DATE, UPDATER_ID, UPDATE_DATE) VALUES (29300, 10002, 'Others', 0, 29000, 29000, 0, 0, 0, GETDATE(), 0, GETDATE());
-- Marketing 2
INSERT INTO INIT_SETUP_DOC_TEMPLATE (ID, DOC_GROUP_ID, DOC_NAME, DOC_TYPE, PARENT_ID, ROOT_DOC_ID, RECORD_STATUS, UPDATE_COUNT, CREATOR_ID, CREATE_DATE, UPDATER_ID, UPDATE_DATE) VALUES (29110, 10002, 'Photo & Image', 0, 29100, 29000, 0, 0, 0, GETDATE(), 0, GETDATE());
INSERT INTO INIT_SETUP_DOC_TEMPLATE (ID, DOC_GROUP_ID, DOC_NAME, DOC_TYPE, PARENT_ID, ROOT_DOC_ID, RECORD_STATUS, UPDATE_COUNT, CREATOR_ID, CREATE_DATE, UPDATER_ID, UPDATE_DATE) VALUES (29120, 10002, 'Video & Audio', 0, 29100, 29000, 0, 0, 0, GETDATE(), 0, GETDATE());
INSERT INTO INIT_SETUP_DOC_TEMPLATE (ID, DOC_GROUP_ID, DOC_NAME, DOC_TYPE, PARENT_ID, ROOT_DOC_ID, RECORD_STATUS, UPDATE_COUNT, CREATOR_ID, CREATE_DATE, UPDATER_ID, UPDATE_DATE) VALUES (29130, 10002, 'Documents', 0, 29100, 29000, 0, 0, 0, GETDATE(), 0, GETDATE());
INSERT INTO INIT_SETUP_DOC_TEMPLATE (ID, DOC_GROUP_ID, DOC_NAME, DOC_TYPE, PARENT_ID, ROOT_DOC_ID, RECORD_STATUS, UPDATE_COUNT, CREATOR_ID, CREATE_DATE, UPDATER_ID, UPDATE_DATE) VALUES (29210, 10002, 'Clients Information', 0, 29200, 29000, 0, 0, 0, GETDATE(), 0, GETDATE());
INSERT INTO INIT_SETUP_DOC_TEMPLATE (ID, DOC_GROUP_ID, DOC_NAME, DOC_TYPE, PARENT_ID, ROOT_DOC_ID, RECORD_STATUS, UPDATE_COUNT, CREATOR_ID, CREATE_DATE, UPDATER_ID, UPDATE_DATE) VALUES (29220, 10002, 'Research', 0, 29200, 29000, 0, 0, 0, GETDATE(), 0, GETDATE());
INSERT INTO INIT_SETUP_DOC_TEMPLATE (ID, DOC_GROUP_ID, DOC_NAME, DOC_TYPE, PARENT_ID, ROOT_DOC_ID, RECORD_STATUS, UPDATE_COUNT, CREATOR_ID, CREATE_DATE, UPDATER_ID, UPDATE_DATE) VALUES (29230, 10002, 'Report', 0, 29200, 29000, 0, 0, 0, GETDATE(), 0, GETDATE());
SET IDENTITY_INSERT INIT_SETUP_DOC_TEMPLATE OFF;

-- ADD PARADM COMPANY EMAIL ADDRESS
SET IDENTITY_INSERT PARADM_COMPANY_EMAIL_ADDRESS ON;
INSERT INTO PARADM_COMPANY_EMAIL_ADDRESS(ID, EMAIL_ADDRESS, RECORD_STATUS,UPDATE_COUNT,CREATOR_ID,CREATE_DATE,UPDATER_ID,UPDATE_DATE)
VALUES (10000, 'hk.rnd@paradm.com',0,0,10000,GETDATE(),10000,GETDATE());
SET IDENTITY_INSERT PARADM_COMPANY_EMAIL_ADDRESS OFF;

-- paradm db end


SET IDENTITY_INSERT PARADM_COMPANY ON;
INSERT INTO PARADM_COMPANY(ID,COMPANY_NAME,COMPANY_NAME_ENG,CODE,OWNER_ID,ADDRESS1,ADDRESS2,ADDRESS3,CITY,[STATE],POSTAL_CODE,AREA_CODE,PHONE_NO,
FAX_NO,URL,EMAIL,COUNTRY_ID,PROVINCE_ID,LEAD_SOURCE_ID,INDUSTRY_ID,TURNOVER,EMPLOYEE_COUNT,STOCK_CODE,BUSINESS_ACTIVITY,
BACKGROUND,USER_DEF_1,USER_DEF_2,USER_DEF_3,USER_DEF_4,USER_DEF_5,SPECIAL_ALERT_ID,CLASS_TYPE,CIC_ID,SIC_ID,STATUS_ID,
OVERSEAS_BRANCHES,HK_BRANCHES,DS_DB_NAME,DS_DB_TYPE,DS_DRIVER_CLASS,DS_URL,DS_USERNAME,DS_PWD,DS_JNDI_NAME,
DS_AUTO_COMMIT,DS_READ_ONLY,DS_MAX_ACTIVE,DS_MAX_IDLE,DS_MAX_WAIT,DS_POOL_PS,DS_MAX_OPEN_PS,DS_TRANSACTION_ISOLATION,
DS_LOG_ABANDONED,DS_REMOVE_ABANDONED,DS_WHILE_IDLE,ACTIVE_FLAG,EXPIRE_DATE,REMIND_DATE,COMPLETE_INIT,CONFIGURING_PERCENT,
LICENSED_USER,STORAGE_SPACE,IS_CLOUD,STORAGE_TYPE,RECORD_STATUS, UPDATE_COUNT, CREATOR_ID, CREATE_DATE, UPDATER_ID, UPDATE_DATE)
VALUES (10000,'Co. Ltd.','Co. Ltd.','',10000,'','','','','','','','',
'','','',0,0,NULL,NULL,NULL,NULL,NULL,NULL,
NULL,NULL,NULL,NULL,NULL,NULL,NULL,NULL,NULL,NULL,NULL,
NULL,NULL,'BIZ_10000',0,'com.microsoft.sqlserver.jdbc.SQLServerDriver','jdbc:sqlserver://127.0.0.1:1433;databaseName=BIZ_10000','sa','P@ssw0rd',NULL,
'false','false',60,3,5000,'true',500,1,
'true','true','true',2,'2099-12-31 00:00:00.000',NULL,1,0,
30,500,1,3,0,0,10000,GETDATE(),10000,GETDATE());
SET IDENTITY_INSERT PARADM_COMPANY OFF;

SET IDENTITY_INSERT PARADM_MTM_DATABASE_CONFIG_COMPANY ON;
INSERT INTO PARADM_MTM_DATABASE_CONFIG_COMPANY(ID,DATABASE_CONFIG_ID,PARADM_COMPANY_ID)
VALUES (10000,10000,10000);
SET IDENTITY_INSERT PARADM_MTM_DATABASE_CONFIG_COMPANY OFF;
--paradm db end

SET IDENTITY_INSERT USER_ROLE ON;
INSERT INTO USER_ROLE(ID,ROLE_TYPE,ROLE_NAME,ROLE_DESC,RECORD_STATUS,UPDATE_COUNT,CREATOR_ID,CREATE_DATE,UPDATER_ID,UPDATE_DATE)
VALUES (10000,0,'user.label.role.type.admin','administrator',0,0,10000,GETDATE(),10000,GETDATE());
INSERT INTO USER_ROLE(ID,ROLE_TYPE,ROLE_NAME,ROLE_DESC,RECORD_STATUS,UPDATE_COUNT,CREATOR_ID,CREATE_DATE,UPDATER_ID,UPDATE_DATE)
VALUES (10001,1,'user.label.role.type.user','internal user',0,0,10000,GETDATE(),10000,GETDATE());
INSERT INTO USER_ROLE(ID,ROLE_TYPE,ROLE_NAME,ROLE_DESC,RECORD_STATUS,UPDATE_COUNT,CREATOR_ID,CREATE_DATE,UPDATER_ID,UPDATE_DATE)
VALUES (10002,2,'user.label.role.type.external.user','external user',0,0,10000,GETDATE(),10000,GETDATE());
SET IDENTITY_INSERT USER_ROLE OFF;

SET IDENTITY_INSERT USER_RULES ON;
INSERT INTO USER_RULES(ID,OBJECT_ID,RULES_TYPE,RECORD_STATUS,UPDATE_COUNT,CREATOR_ID,CREATE_DATE,UPDATER_ID,UPDATE_DATE)
VALUES (10000,10000,2,0,0,10000,GETDATE(),10000,GETDATE());
INSERT INTO USER_RULES(ID,OBJECT_ID,RULES_TYPE,RECORD_STATUS,UPDATE_COUNT,CREATOR_ID,CREATE_DATE,UPDATER_ID,UPDATE_DATE)
VALUES (10001,10001,2,0,0,10000,GETDATE(),10000,GETDATE());
INSERT INTO USER_RULES(ID,OBJECT_ID,RULES_TYPE,RECORD_STATUS,UPDATE_COUNT,CREATOR_ID,CREATE_DATE,UPDATER_ID,UPDATE_DATE)
VALUES (10002,10002,2,0,0,10000,GETDATE(),10000,GETDATE());
SET IDENTITY_INSERT USER_RULES OFF;

SET IDENTITY_INSERT SYS_PARAMETER ON;
INSERT INTO SYS_PARAMETER(ID,PARAMETER_CODE,PARAMETER_VALUE,PARAMETER_DEFAULT_VALUE,PARAMETER_TYPE,DESCRIPTION,RECORD_STATUS,UPDATE_COUNT,CREATOR_ID,CREATE_DATE,UPDATER_ID,UPDATE_DATE,STATUS)
VALUES (1000, 'app.base.url', '', 'http://127.0.0.1:8080/', 0, '', 0, 0, 10000, GETDATE(), 10000, GETDATE(),1);
INSERT INTO SYS_PARAMETER(ID,PARAMETER_CODE,PARAMETER_VALUE,PARAMETER_DEFAULT_VALUE,PARAMETER_TYPE,DESCRIPTION,RECORD_STATUS,UPDATE_COUNT,CREATOR_ID,CREATE_DATE,UPDATER_ID,UPDATE_DATE,STATUS)
VALUES (1001, 'db.date.format', 'yyyy-MM-dd HH:mm', 'yyyy-MM-dd HH:mm', 0, 'Default date format.', 0, 0, 10000, GETDATE(), 10000, GETDATE(),0);
INSERT INTO SYS_PARAMETER(ID,PARAMETER_CODE,PARAMETER_VALUE,PARAMETER_DEFAULT_VALUE,PARAMETER_TYPE,DESCRIPTION,RECORD_STATUS,UPDATE_COUNT,CREATOR_ID,CREATE_DATE,UPDATER_ID,UPDATE_DATE,STATUS)
VALUES (1002, 'system.session.timeout', '1800', '1800', 1, 'user session timeout', 0, 0, 10000, GETDATE(), 10000, GETDATE(),0);
INSERT INTO SYS_PARAMETER(ID,PARAMETER_CODE,PARAMETER_VALUE,PARAMETER_DEFAULT_VALUE,PARAMETER_TYPE,DESCRIPTION,RECORD_STATUS,UPDATE_COUNT,CREATOR_ID,CREATE_DATE,UPDATER_ID,UPDATE_DATE,STATUS)
VALUES (1003, 'system.encrypt.type', 'SHA-256', 'SHA-256', 0, 'password encrypt type', 0, 0, 10000, GETDATE(), 10000, GETDATE(),0);
INSERT INTO SYS_PARAMETER(ID,PARAMETER_CODE,PARAMETER_VALUE,PARAMETER_DEFAULT_VALUE,PARAMETER_TYPE,DESCRIPTION,RECORD_STATUS,UPDATE_COUNT,CREATOR_ID,CREATE_DATE,UPDATER_ID,UPDATE_DATE,STATUS)
VALUES (1004, 'system.document.version.type', 'N', 'N', 0, 'version type', 0, 0, 10000, GETDATE(), 10000, GETDATE(),0);
INSERT INTO SYS_PARAMETER(ID,PARAMETER_CODE,PARAMETER_VALUE,PARAMETER_DEFAULT_VALUE,PARAMETER_TYPE,DESCRIPTION,RECORD_STATUS,UPDATE_COUNT,CREATOR_ID,CREATE_DATE,UPDATER_ID,UPDATE_DATE,STATUS)
VALUES (1005, 'dms.support.duplicate.name', 'false', 'false', 2, 'duplicate name support', 0, 0, 10000, GETDATE(), 10000, GETDATE(),0);
INSERT INTO SYS_PARAMETER(ID,PARAMETER_CODE,PARAMETER_VALUE,PARAMETER_DEFAULT_VALUE,PARAMETER_TYPE,DESCRIPTION,RECORD_STATUS,UPDATE_COUNT,CREATOR_ID,CREATE_DATE,UPDATER_ID,UPDATE_DATE,STATUS)
VALUES (1006, 'dms.elasticsearch.support', 'DOC,DOCX,PPT,PPTX,XLS,XLSX,HTML,TXT,PDF,TIF,TIFF,RTF', 'DOC,DOCX,PPT,PPTX,XLS,XLSX,HTML,TXT,PDF,TIF,TIFF,RTF', 0, 'elasticsearch support doucment type', 0, 0, 10000, GETDATE(), 10000, GETDATE(),0);
INSERT INTO SYS_PARAMETER(ID,PARAMETER_CODE,PARAMETER_VALUE,PARAMETER_DEFAULT_VALUE,PARAMETER_TYPE,DESCRIPTION,RECORD_STATUS,UPDATE_COUNT,CREATOR_ID,CREATE_DATE,UPDATER_ID,UPDATE_DATE,STATUS)
VALUES (1007, 'dms.doc.view.support', 'TIF,TIFF,PDF,DOC,DOCX,XLS,XLSX,PPT,PPTX,TXT,JPG,JPEG,PNG,HTML,HTM', 'TIF,TIFF,PDF,DOC,DOCX,XLS,XLSX,PPT,PPTX,TXT,JPG,JPEG,PNG,HTML,HTM', 0, 'document view support type', 0, 0, 10000, GETDATE(), 10000, GETDATE(),0);
INSERT INTO SYS_PARAMETER(ID,PARAMETER_CODE,PARAMETER_VALUE,PARAMETER_DEFAULT_VALUE,PARAMETER_TYPE,DESCRIPTION,RECORD_STATUS,UPDATE_COUNT,CREATOR_ID,CREATE_DATE,UPDATER_ID,UPDATE_DATE,STATUS)
VALUES (1008, 'system.watermark.content', '', '', 0, 'system watermark content', 0, 0, 10000, GETDATE(), 10000, GETDATE(),0);
INSERT INTO SYS_PARAMETER(ID,PARAMETER_CODE,PARAMETER_VALUE,PARAMETER_DEFAULT_VALUE,PARAMETER_TYPE,DESCRIPTION,RECORD_STATUS,UPDATE_COUNT,CREATOR_ID,CREATE_DATE,UPDATER_ID,UPDATE_DATE,STATUS)
VALUES (1009, 'system.page.size', '10', '10', 1, 'system page size', 0, 0, 10000, GETDATE(), 10000, GETDATE(),0);
INSERT INTO SYS_PARAMETER(ID,PARAMETER_CODE,PARAMETER_VALUE,PARAMETER_DEFAULT_VALUE,PARAMETER_TYPE,DESCRIPTION,RECORD_STATUS,UPDATE_COUNT,CREATOR_ID,CREATE_DATE,UPDATER_ID,UPDATE_DATE,STATUS)
VALUES (1010, 'dms.document.recent.size', '50', '50', 1, 'document recent size', 0, 0, 10000, GETDATE(), 10000, GETDATE(),0);
INSERT INTO SYS_PARAMETER(ID,PARAMETER_CODE,PARAMETER_VALUE,PARAMETER_DEFAULT_VALUE,PARAMETER_TYPE,DESCRIPTION,RECORD_STATUS,UPDATE_COUNT,CREATOR_ID,CREATE_DATE,UPDATER_ID,UPDATE_DATE,STATUS)
VALUES (1011, 'display.location.number', '2', '2', 1, 'Control the number of path being displayed in the breadcomb', 0, 0, 10000, GETDATE(), 10000, GETDATE(),0);
INSERT INTO SYS_PARAMETER(ID,PARAMETER_CODE,PARAMETER_VALUE,PARAMETER_DEFAULT_VALUE,PARAMETER_TYPE,DESCRIPTION,RECORD_STATUS,UPDATE_COUNT,CREATOR_ID,CREATE_DATE,UPDATER_ID,UPDATE_DATE,STATUS)
VALUES (1012, 'system.soft.delete.enable', 'true', 'true', 2, 'Whether soft deletion of records is enabled or not.', 0, 0, 10000, GETDATE(), 10000, GETDATE(),0);
INSERT INTO SYS_PARAMETER  (ID,PARAMETER_CODE,PARAMETER_VALUE,PARAMETER_DEFAULT_VALUE,PARAMETER_TYPE,DESCRIPTION,RECORD_STATUS,UPDATE_COUNT,CREATOR_ID,CREATE_DATE,UPDATER_ID,UPDATE_DATE,STATUS)
VALUES (1013,'dms.document.tags.recent.size', '10', '10', 1, 'document tags recent show size', 0, 0, 10000, GETDATE(), 10000, GETDATE(),0);
INSERT INTO SYS_PARAMETER(ID,PARAMETER_CODE,PARAMETER_VALUE,PARAMETER_DEFAULT_VALUE,PARAMETER_TYPE,DESCRIPTION,RECORD_STATUS,UPDATE_COUNT,CREATOR_ID,CREATE_DATE,UPDATER_ID,UPDATE_DATE,STATUS)
VALUES (1014, 'dms.document.name.size', '20', '20', 1, 'dms document display name size', 0, 0, 10000, GETDATE(), 10000, GETDATE(),0);
INSERT INTO SYS_PARAMETER(ID,PARAMETER_CODE,PARAMETER_VALUE,PARAMETER_DEFAULT_VALUE,PARAMETER_TYPE,DESCRIPTION,RECORD_STATUS,UPDATE_COUNT,CREATOR_ID,CREATE_DATE,UPDATER_ID,UPDATE_DATE,STATUS)
VALUES (1015, 'system.invalid.character', '\\, /, :, *, ?, \", <, >, |', '\\, /, :, *, ?, \", <, >, |',0, 'List of characters that are prohibited to be used as document name in DMS',0,0,10000,GETDATE(),10000,GETDATE(),0);
INSERT INTO SYS_PARAMETER(ID,PARAMETER_CODE,PARAMETER_VALUE,PARAMETER_DEFAULT_VALUE,PARAMETER_TYPE,DESCRIPTION,RECORD_STATUS,UPDATE_COUNT,CREATOR_ID,CREATE_DATE,UPDATER_ID,UPDATE_DATE,STATUS)
VALUES (1016, 'system.shorturl.effective.time', '72', '72', 1, 'system shorturl effective time (hour)', 0, 0, 10000, GETDATE(), 10000, GETDATE(),0);
INSERT INTO SYS_PARAMETER(ID,PARAMETER_CODE,PARAMETER_VALUE,PARAMETER_DEFAULT_VALUE,PARAMETER_TYPE,DESCRIPTION,RECORD_STATUS,UPDATE_COUNT,CREATOR_ID,CREATE_DATE,UPDATER_ID,UPDATE_DATE,STATUS)
VALUES (1017, 'dms.thumbnail.page.size', '5*3', '5*3', 0, 'Document thumbnail page set.', 0, 0, 10000, GETDATE(), 10000, GETDATE(),0);
INSERT INTO SYS_PARAMETER(ID,PARAMETER_CODE,PARAMETER_VALUE,PARAMETER_DEFAULT_VALUE,PARAMETER_TYPE,DESCRIPTION,RECORD_STATUS,UPDATE_COUNT,CREATOR_ID,CREATE_DATE,UPDATER_ID,UPDATE_DATE,STATUS)
VALUES (1018, 'smtp.host', 'smtp.office365.com', 'mail.paradm.com', 0, 'SMTP host name.', 0, 0, 10000, GETDATE(), 10000, GETDATE(),1);
INSERT INTO SYS_PARAMETER(ID,PARAMETER_CODE,PARAMETER_VALUE,PARAMETER_DEFAULT_VALUE,PARAMETER_TYPE,DESCRIPTION,RECORD_STATUS,UPDATE_COUNT,CREATOR_ID,CREATE_DATE,UPDATER_ID,UPDATE_DATE,STATUS)
VALUES (1019, 'smtp.port', '587', '25', 0, 'SMTP port number.', 0, 0, 10000, GETDATE(), 10000, GETDATE(),1);
INSERT INTO SYS_PARAMETER(ID,PARAMETER_CODE,PARAMETER_VALUE,PARAMETER_DEFAULT_VALUE,PARAMETER_TYPE,DESCRIPTION,RECORD_STATUS,UPDATE_COUNT,CREATOR_ID,CREATE_DATE,UPDATER_ID,UPDATE_DATE,STATUS)
VALUES (1020, 'smtp.user.name', 'no-reply@smartshareonline.com', 'no-reply@paradm.com', 0, 'SMTP login user name if necessary.', 0, 0, 10000, GETDATE(), 10000, GETDATE(),1);
INSERT INTO SYS_PARAMETER(ID,PARAMETER_CODE,PARAMETER_VALUE,PARAMETER_DEFAULT_VALUE,PARAMETER_TYPE,DESCRIPTION,RECORD_STATUS,UPDATE_COUNT,CREATOR_ID,CREATE_DATE,UPDATER_ID,UPDATE_DATE,STATUS)
VALUES (1021, 'smtp.password', 'Para2015', 'password', 0, 'SMTP login password if necessary.', 0, 0, 10000, GETDATE(), 10000, GETDATE(),1);
INSERT INTO SYS_PARAMETER(ID,PARAMETER_CODE,PARAMETER_VALUE,PARAMETER_DEFAULT_VALUE,PARAMETER_TYPE,DESCRIPTION,RECORD_STATUS,UPDATE_COUNT,CREATOR_ID,CREATE_DATE,UPDATER_ID,UPDATE_DATE,STATUS)
VALUES (1022, 'smtp.auth', 'true', 'true', 2, 'Whether SMTP host need authenication or not.', 0, 0, 10000, GETDATE(), 10000, GETDATE(),1);
INSERT INTO SYS_PARAMETER(ID,PARAMETER_CODE,PARAMETER_VALUE,PARAMETER_DEFAULT_VALUE,PARAMETER_TYPE,DESCRIPTION,RECORD_STATUS,UPDATE_COUNT,CREATOR_ID,CREATE_DATE,UPDATER_ID,UPDATE_DATE,STATUS)
VALUES (1023, 'email.from', 'no-reply@smartshareonline.com', 'no-reply@paradm.com', 0, 'email send from', 0, 0, 10000, GETDATE(), 10000, GETDATE(),1);
INSERT INTO SYS_PARAMETER(ID,PARAMETER_CODE,PARAMETER_VALUE,PARAMETER_DEFAULT_VALUE,PARAMETER_TYPE,DESCRIPTION,RECORD_STATUS,UPDATE_COUNT,CREATOR_ID,CREATE_DATE,UPDATER_ID,UPDATE_DATE,STATUS)
VALUES (1024, 'emal.display.name', 'SmartShare', 'SmartShare', 0, 'email from display name', 0, 0, 10000, GETDATE(), 10000, GETDATE(),1);
INSERT INTO SYS_PARAMETER(ID,PARAMETER_CODE,PARAMETER_VALUE,PARAMETER_DEFAULT_VALUE,PARAMETER_TYPE,DESCRIPTION,RECORD_STATUS,UPDATE_COUNT,CREATOR_ID,CREATE_DATE,UPDATER_ID,UPDATE_DATE,STATUS)
VALUES (1025, 'system.send.email.method', 'COMPANY', 'PARADM', 0, 'send email by PARADM or COMPANY', 0, 0, 10000, GETDATE(), 10000, GETDATE(),0);
--add by fish for login pwd error option parameter
INSERT INTO SYS_PARAMETER(ID,PARAMETER_CODE,PARAMETER_VALUE,PARAMETER_DEFAULT_VALUE,PARAMETER_TYPE,DESCRIPTION,RECORD_STATUS,UPDATE_COUNT,CREATOR_ID,CREATE_DATE,UPDATER_ID,UPDATE_DATE,STATUS)
VALUES (1026, 'system.password.captha.value', '3', '3', 1, 'loging password error more than this value show captha', 0, 0, 10000, GETDATE(), 10000, GETDATE(),0);
INSERT INTO SYS_PARAMETER(ID,PARAMETER_CODE,PARAMETER_VALUE,PARAMETER_DEFAULT_VALUE,PARAMETER_TYPE,DESCRIPTION,RECORD_STATUS,UPDATE_COUNT,CREATOR_ID,CREATE_DATE,UPDATER_ID,UPDATE_DATE,STATUS)
VALUES (1027, 'system.password.warning.message.value', '5', '5', 1, 'loging password error more than this value show the warning message ', 0, 0, 10000, GETDATE(), 10000, GETDATE(),0);
INSERT INTO SYS_PARAMETER(ID,PARAMETER_CODE,PARAMETER_VALUE,PARAMETER_DEFAULT_VALUE,PARAMETER_TYPE,DESCRIPTION,RECORD_STATUS,UPDATE_COUNT,CREATOR_ID,CREATE_DATE,UPDATER_ID,UPDATE_DATE,STATUS)
VALUES (1028, 'system.password.lock.user.value', '10', '10', 1, 'loging password error more than this value locked the login user', 0, 0, 10000, GETDATE(), 10000, GETDATE(),0);
--add end
INSERT INTO SYS_PARAMETER(ID,PARAMETER_CODE,PARAMETER_VALUE,PARAMETER_DEFAULT_VALUE,PARAMETER_TYPE,DESCRIPTION,RECORD_STATUS,UPDATE_COUNT,CREATOR_ID,CREATE_DATE,UPDATER_ID,UPDATE_DATE,STATUS)
VALUES (1029, 'dms.max.upload.filename.length', '255', '255', 1, 'The maximum number of characters of the binary file that can be uploaded to the DMS', 0, 0, 10000, GETDATE(), 10000, GETDATE(),0);
INSERT INTO SYS_PARAMETER(ID,PARAMETER_CODE,PARAMETER_VALUE,PARAMETER_DEFAULT_VALUE,PARAMETER_TYPE,DESCRIPTION,RECORD_STATUS,UPDATE_COUNT,CREATOR_ID,CREATE_DATE,UPDATER_ID,UPDATE_DATE,STATUS)
VALUES (1030, 'system.join.queue.failed.total.number', '3', '3', 1, 'join queue failed total number', 0, 0, 10000, GETDATE(), 10000, GETDATE(),0);
--add by fish for login pwd repeat num parameter
INSERT INTO SYS_PARAMETER(ID,PARAMETER_CODE,PARAMETER_VALUE,PARAMETER_DEFAULT_VALUE,PARAMETER_TYPE,DESCRIPTION,RECORD_STATUS,UPDATE_COUNT,CREATOR_ID,CREATE_DATE,UPDATER_ID,UPDATE_DATE,STATUS)
VALUES (1031, 'system.password.repeat.value', '3', '3', 1, 'Reset password is beyond the scope of the number ', 0, 0, 10000, GETDATE(), 10000, GETDATE(),0);
INSERT INTO SYS_PARAMETER(ID,PARAMETER_CODE,PARAMETER_VALUE,PARAMETER_DEFAULT_VALUE,PARAMETER_TYPE,DESCRIPTION,RECORD_STATUS,UPDATE_COUNT,CREATOR_ID,CREATE_DATE,UPDATER_ID,UPDATE_DATE,STATUS)
VALUES (1032, 'dms.smartbutton.page.size', '4*3', '4*3', 0, 'smartbutton page set.', 0, 0, 10000, GETDATE(), 10000, GETDATE(),0);
INSERT INTO SYS_PARAMETER(ID,PARAMETER_CODE,PARAMETER_VALUE,PARAMETER_DEFAULT_VALUE,PARAMETER_TYPE,DESCRIPTION,RECORD_STATUS,UPDATE_COUNT,CREATOR_ID,CREATE_DATE,UPDATER_ID,UPDATE_DATE,STATUS)
VALUES (1033, 'share.view.date.format', 'yyyy-MM-dd', 'yyyy-MM-dd HH:mm', 0, '', 0, 0, 10000, GETDATE(), 10000, GETDATE(),0);
INSERT INTO SYS_PARAMETER(ID,PARAMETER_CODE,PARAMETER_VALUE,PARAMETER_DEFAULT_VALUE,PARAMETER_TYPE,DESCRIPTION,RECORD_STATUS,UPDATE_COUNT,CREATOR_ID,CREATE_DATE,UPDATER_ID,UPDATE_DATE,STATUS)
VALUES (1034, 'dms.file_rollover_limit', '10000', '10000', 1, 'Define how many files to store in each subfolder within the same location root, set to 0 for unlimited storage', 0, 0, 10000, GETDATE(), 10000, GETDATE(),0);
INSERT INTO SYS_PARAMETER(ID,PARAMETER_CODE,PARAMETER_VALUE,PARAMETER_DEFAULT_VALUE,PARAMETER_TYPE,DESCRIPTION,RECORD_STATUS,UPDATE_COUNT,CREATOR_ID,CREATE_DATE,UPDATER_ID,UPDATE_DATE,STATUS)
VALUES (1035, 'system.global.2FA.enable', 'false', 'false', 2, 'two factor auth. true enable,false disable', 0, 0, 10000, GETDATE(), 10000, GETDATE(),0);
INSERT INTO SYS_PARAMETER(ID,PARAMETER_CODE,PARAMETER_VALUE,PARAMETER_DEFAULT_VALUE,PARAMETER_TYPE,DESCRIPTION,RECORD_STATUS,UPDATE_COUNT,CREATOR_ID,CREATE_DATE,UPDATER_ID,UPDATE_DATE,STATUS)
VALUES (1036, 'connector.smartbutton.page.size', '4*2', '4*2', 0, 'smartbutton connector page set.', 0, 0, 10000, GETDATE(), 10000, GETDATE(),0);
INSERT INTO SYS_PARAMETER(ID,PARAMETER_CODE,PARAMETER_VALUE,PARAMETER_DEFAULT_VALUE,PARAMETER_TYPE,DESCRIPTION,RECORD_STATUS,UPDATE_COUNT,CREATOR_ID,CREATE_DATE,UPDATER_ID,UPDATE_DATE,STATUS)
VALUES (1037, 'connector.smartbutton.name.size', '18', '18', 1, 'connector smartbutton name set.', 0, 0, 10000, GETDATE(), 10000, GETDATE(),0);
INSERT INTO SYS_PARAMETER(ID,PARAMETER_CODE,PARAMETER_VALUE,PARAMETER_DEFAULT_VALUE,PARAMETER_TYPE,DESCRIPTION,RECORD_STATUS,UPDATE_COUNT,CREATOR_ID,CREATE_DATE,UPDATER_ID,UPDATE_DATE,STATUS)
VALUES (1038, 'connector.login_max_attempt', '8', '8', 1, 'connector login max attempt count', 0, 0, 10000, GETDATE(), 10000, GETDATE(),0);
INSERT INTO SYS_PARAMETER(ID,PARAMETER_CODE,PARAMETER_VALUE,PARAMETER_DEFAULT_VALUE,PARAMETER_TYPE,DESCRIPTION,RECORD_STATUS,UPDATE_COUNT,CREATOR_ID,CREATE_DATE,UPDATER_ID,UPDATE_DATE,STATUS)
VALUES (1039, 'dms.file_base_path', 'D:/SmartShare/file', 'D:/SmartShare/file', 0, 'document file path', 0, 0, 10000, GETDATE(), 10000, GETDATE(),0);
INSERT INTO SYS_PARAMETER(ID,PARAMETER_CODE,PARAMETER_VALUE,PARAMETER_DEFAULT_VALUE,PARAMETER_TYPE,DESCRIPTION,RECORD_STATUS,UPDATE_COUNT,CREATOR_ID,CREATE_DATE,UPDATER_ID,UPDATE_DATE,STATUS)
VALUES (1040, 'dms.view_immediately_timeout', '60', '60', 1, 'immediately doc view timeout', 0, 0, 10000, GETDATE(), 10000, GETDATE(),0);
INSERT INTO SYS_PARAMETER(ID,PARAMETER_CODE,PARAMETER_VALUE,PARAMETER_DEFAULT_VALUE,PARAMETER_TYPE,DESCRIPTION,RECORD_STATUS,UPDATE_COUNT,CREATOR_ID,CREATE_DATE,UPDATER_ID,UPDATE_DATE,STATUS)
VALUES (1041, 'dms.file.type.not.support', '', '', 0, 'file type not support', 0, 0, 10000, GETDATE(), 10000, GETDATE(),0);
INSERT INTO SYS_PARAMETER(ID,PARAMETER_CODE,PARAMETER_VALUE,PARAMETER_DEFAULT_VALUE,PARAMETER_TYPE,DESCRIPTION,RECORD_STATUS,UPDATE_COUNT,CREATOR_ID,CREATE_DATE,UPDATER_ID,UPDATE_DATE,STATUS)
VALUES (1042, 'backup.service_url', '', '', 0, 'url of backup', 0, 0, 10000, GETDATE(), 10000, GETDATE(),0);
SET IDENTITY_INSERT SYS_PARAMETER OFF;

SET IDENTITY_INSERT SYS_FUNCTION ON;
INSERT INTO SYS_FUNCTION(ID,FUNCTION_CODE,FUNCTION_LABEL,FUNCTION_ICON,PARENT_ID,LINK_URL,DISPLAY_SEQ,MENU_TYPE,PERMISSION_TYPE,STATUS)
VALUES (10000,'ANALYTICS','system.label.analytics','',0,'',300,1,'RE',0);
INSERT INTO SYS_FUNCTION(ID,FUNCTION_CODE,FUNCTION_LABEL,FUNCTION_ICON,PARENT_ID,LINK_URL,DISPLAY_SEQ,MENU_TYPE,PERMISSION_TYPE,STATUS)
VALUES (20000,'SHARING','system.label.sharing','',0,'/share/sharing/list',200,0,'RE',0);
INSERT INTO SYS_FUNCTION(ID,FUNCTION_CODE,FUNCTION_LABEL,FUNCTION_ICON,PARENT_ID,LINK_URL,DISPLAY_SEQ,MENU_TYPE,PERMISSION_TYPE,STATUS)
VALUES (20001,'EMAIL_ME_HISTORY','system.label.email_me_his','email_me_history.png',20000,'/share/emailMe/list',300,0,'RE',0);
INSERT INTO SYS_FUNCTION(ID,FUNCTION_CODE,FUNCTION_LABEL,FUNCTION_ICON,PARENT_ID,LINK_URL,DISPLAY_SEQ,MENU_TYPE,PERMISSION_TYPE,STATUS)
VALUES (20002,'SHARE_HISTORY','system.label.share_his','share_history.png',20000,'/share/sharing/list',200,0,'RE',0);
INSERT INTO SYS_FUNCTION(ID,FUNCTION_CODE,FUNCTION_LABEL,FUNCTION_ICON,PARENT_ID,LINK_URL,DISPLAY_SEQ,MENU_TYPE,PERMISSION_TYPE,STATUS)
VALUES (20003,'SHARE_ME','system.label.share_me','share_history.png',20000,'/share/shareMe/list',100,0,'RE',0);
INSERT INTO SYS_FUNCTION(ID,FUNCTION_CODE,FUNCTION_LABEL,FUNCTION_ICON,PARENT_ID,LINK_URL,DISPLAY_SEQ,MENU_TYPE,PERMISSION_TYPE,STATUS)
VALUES (30000,'DMS','system.label.dms','',0,'/dms/company/list',100,0,'RE',0);
INSERT INTO SYS_FUNCTION(ID,FUNCTION_CODE,FUNCTION_LABEL,FUNCTION_ICON,PARENT_ID,LINK_URL,DISPLAY_SEQ,MENU_TYPE,PERMISSION_TYPE,STATUS)
VALUES (30001,'DMS_FAVORITES','system.label.dms_favorites','favorites.png',30000,'/dms/favorites/list',100,0,'RE',0);
INSERT INTO SYS_FUNCTION(ID,FUNCTION_CODE,FUNCTION_LABEL,FUNCTION_ICON,PARENT_ID,LINK_URL,DISPLAY_SEQ,MENU_TYPE,PERMISSION_TYPE,STATUS)
VALUES (30002,'DMS_RECENT','system.label.dms_recent','recent_documents.png',30000,'/dms/recent/list',200,0,'RE',0);
INSERT INTO SYS_FUNCTION(ID,FUNCTION_CODE,FUNCTION_LABEL,FUNCTION_ICON,PARENT_ID,LINK_URL,DISPLAY_SEQ,MENU_TYPE,PERMISSION_TYPE,STATUS)
VALUES (30003,'DMS_COMPANY','system.label.dms_company','folder.png',30000,'/dms/company/list',300,0,'RE',0);
INSERT INTO SYS_FUNCTION(ID,FUNCTION_CODE,FUNCTION_LABEL,FUNCTION_ICON,PARENT_ID,LINK_URL,DISPLAY_SEQ,MENU_TYPE,PERMISSION_TYPE,STATUS)
VALUES (30004,'DMS_PERSONAL','system.label.dms_personal','my_documents.png',30000,'/dms/mydocument/list',400,0,'RE',0);
INSERT INTO SYS_FUNCTION(ID,FUNCTION_CODE,FUNCTION_LABEL,FUNCTION_ICON,PARENT_ID,LINK_URL,DISPLAY_SEQ,MENU_TYPE,PERMISSION_TYPE,STATUS)
VALUES (30005,'DMS_SMARTBUTTON','system.label.dms_smartbutton','smartbutton.png',30000,'/dms/smartbutton/list',500,0,'RE',0);
INSERT INTO SYS_FUNCTION(ID,FUNCTION_CODE,FUNCTION_LABEL,FUNCTION_ICON,PARENT_ID,LINK_URL,DISPLAY_SEQ,MENU_TYPE,PERMISSION_TYPE,STATUS)
VALUES (35001,'SMARTBUTTON_MANAGE','system.label.dms_smartbutton_manage','',30005,'/dms/smartbutton/getSmartbuttons',100,1,'RE',0);
INSERT INTO SYS_FUNCTION(ID,FUNCTION_CODE,FUNCTION_LABEL,FUNCTION_ICON,PARENT_ID,LINK_URL,DISPLAY_SEQ,MENU_TYPE,PERMISSION_TYPE,STATUS)
VALUES (35002,'SMARTBUTTON_UPLOAD','system.label.dms_smartbutton_upload','',30005,'/dms/smartbutton/upload/list',300,0,'RE',0);
INSERT INTO SYS_FUNCTION(ID,FUNCTION_CODE,FUNCTION_LABEL,FUNCTION_ICON,PARENT_ID,LINK_URL,DISPLAY_SEQ,MENU_TYPE,PERMISSION_TYPE,STATUS)
VALUES (35003,'SMARTBUTTON_UPLOADINBOX','system.label.dms_smartbutton_upload_inbox','',30005,'/dms/smartbutton/uploadinbox/list',200,0,'RE',0);
INSERT INTO SYS_FUNCTION(ID,FUNCTION_CODE,FUNCTION_LABEL,FUNCTION_ICON,PARENT_ID,LINK_URL,DISPLAY_SEQ,MENU_TYPE,PERMISSION_TYPE,STATUS)
VALUES (30006,'DMS_TRASH','system.label.dms_trash','Trash.png',30000,'/dms/trash/list',600,0,'RE',0);
INSERT INTO SYS_FUNCTION(ID,FUNCTION_CODE,FUNCTION_LABEL,FUNCTION_ICON,PARENT_ID,LINK_URL,DISPLAY_SEQ,MENU_TYPE,PERMISSION_TYPE,STATUS)
VALUES (40000,'ADMIN','system.label.admin','',0,'/admin/dashboard/list',400,0,'RE',0);
INSERT INTO SYS_FUNCTION(ID,FUNCTION_CODE,FUNCTION_LABEL,FUNCTION_ICON,PARENT_ID,LINK_URL,DISPLAY_SEQ,MENU_TYPE,PERMISSION_TYPE,STATUS)
VALUES (40001,'ADMIN_DASHBOARD','system.label.admin_dashboard','home.png',40000,'/admin/dashboard/list',100,0,'RE',0);
INSERT INTO SYS_FUNCTION(ID,FUNCTION_CODE,FUNCTION_LABEL,FUNCTION_ICON,PARENT_ID,LINK_URL,DISPLAY_SEQ,MENU_TYPE,PERMISSION_TYPE,STATUS)
VALUES (40002,'ADMIN_USER','system.label.admin_user','user_icon.png',40000,'/admin/user/list',200,0,'RE',0);
INSERT INTO SYS_FUNCTION(ID,FUNCTION_CODE,FUNCTION_LABEL,FUNCTION_ICON,PARENT_ID,LINK_URL,DISPLAY_SEQ,MENU_TYPE,PERMISSION_TYPE,STATUS)
VALUES (40003,'ADMIN_TEAM','system.label.admin_team','team_icon.png',40000,'/admin/team/list',300,0,'RE',0);
INSERT INTO SYS_FUNCTION(ID,FUNCTION_CODE,FUNCTION_LABEL,FUNCTION_ICON,PARENT_ID,LINK_URL,DISPLAY_SEQ,MENU_TYPE,PERMISSION_TYPE,STATUS)
VALUES (40004,'EMAIL_ME','system.label.admin_email_me_audit_trail','email_me.png',40000,'/admin/emailMe/list',700,0,'RE',0);
INSERT INTO SYS_FUNCTION(ID,FUNCTION_CODE,FUNCTION_LABEL,FUNCTION_ICON,PARENT_ID,LINK_URL,DISPLAY_SEQ,MENU_TYPE,PERMISSION_TYPE,STATUS)
VALUES (40005,'AUDIT_TRAIL','system.label.admin_document_audit_trail','audit_trail.png',40000,'/admin/auditTrail/list',500,0,'RE',0);
INSERT INTO SYS_FUNCTION(ID,FUNCTION_CODE,FUNCTION_LABEL,FUNCTION_ICON,PARENT_ID,LINK_URL,DISPLAY_SEQ,MENU_TYPE,PERMISSION_TYPE,STATUS)
VALUES (40006,'ADMIN_SECURITY','system.label.admin_security','security.png',40000,'/admin/security/list',400,0,'RE',0);
INSERT INTO SYS_FUNCTION(ID,FUNCTION_CODE,FUNCTION_LABEL,FUNCTION_ICON,PARENT_ID,LINK_URL,DISPLAY_SEQ,MENU_TYPE,PERMISSION_TYPE,STATUS)
VALUES (40007,'ADMIN_SHARE','system.label.admin_share_audit_trail','sharing_icon.png',40000,'/admin/share/list',600,0,'RE',0);
INSERT INTO SYS_FUNCTION(ID,FUNCTION_CODE,FUNCTION_LABEL,FUNCTION_ICON,PARENT_ID,LINK_URL,DISPLAY_SEQ,MENU_TYPE,PERMISSION_TYPE,STATUS)
VALUES (40008,'ADMIN_BACKUP','system.label.admin_backup_restore','audit_trail.png',40000,'/admin/backup/list',800,0,'RE',0);
INSERT INTO SYS_FUNCTION(ID,FUNCTION_CODE,FUNCTION_LABEL,FUNCTION_ICON,PARENT_ID,LINK_URL,DISPLAY_SEQ,MENU_TYPE,PERMISSION_TYPE,STATUS)
VALUES (40009,'ADMIN_SYSTEM_PARAMETER','system.label.admin_system_parameters','parameter_icon.png',40000,'/admin/sysParameter/list',900,0,'RE',0);
SET IDENTITY_INSERT SYS_FUNCTION OFF;

SET IDENTITY_INSERT SYS_FUNCTION_RULES_PERMISSION ON;
-- root sysfunction permission start
INSERT INTO SYS_FUNCTION_RULES_PERMISSION(ID,RULES_ID,FUNCTION_ID,PERMISSION)
VALUES (10000,10000,10000,'');
INSERT INTO SYS_FUNCTION_RULES_PERMISSION(ID,RULES_ID,FUNCTION_ID,PERMISSION)
VALUES (20000,10000,20000,'RE');
INSERT INTO SYS_FUNCTION_RULES_PERMISSION(ID,RULES_ID,FUNCTION_ID,PERMISSION)
VALUES (30000,10000,30000,'RE');
INSERT INTO SYS_FUNCTION_RULES_PERMISSION(ID,RULES_ID,FUNCTION_ID,PERMISSION)
VALUES (40000,10000,40000,'RE');

INSERT INTO SYS_FUNCTION_RULES_PERMISSION(ID,RULES_ID,FUNCTION_ID,PERMISSION)
VALUES (11000,10001,10000,'');
INSERT INTO SYS_FUNCTION_RULES_PERMISSION(ID,RULES_ID,FUNCTION_ID,PERMISSION)
VALUES (21000,10001,20000,'RE');
INSERT INTO SYS_FUNCTION_RULES_PERMISSION(ID,RULES_ID,FUNCTION_ID,PERMISSION)
VALUES (31000,10001,30000,'RE');

INSERT INTO SYS_FUNCTION_RULES_PERMISSION(ID,RULES_ID,FUNCTION_ID,PERMISSION)
VALUES (22000,10002,20000,'RE');
-- root sysfunction permission end

-- first sysfunction permission start
INSERT INTO SYS_FUNCTION_RULES_PERMISSION(ID,RULES_ID,FUNCTION_ID,PERMISSION)
VALUES (20001,10000,20001,'RE');
INSERT INTO SYS_FUNCTION_RULES_PERMISSION(ID,RULES_ID,FUNCTION_ID,PERMISSION)
VALUES (20002,10000,20002,'RE');
INSERT INTO SYS_FUNCTION_RULES_PERMISSION(ID,RULES_ID,FUNCTION_ID,PERMISSION)
VALUES (20003,10000,20003,'RE');
INSERT INTO SYS_FUNCTION_RULES_PERMISSION(ID,RULES_ID,FUNCTION_ID,PERMISSION)
VALUES (21001,10001,20001,'RE');
INSERT INTO SYS_FUNCTION_RULES_PERMISSION(ID,RULES_ID,FUNCTION_ID,PERMISSION)
VALUES (21002,10001,20002,'RE');
INSERT INTO SYS_FUNCTION_RULES_PERMISSION(ID,RULES_ID,FUNCTION_ID,PERMISSION)
VALUES (21003,10001,20003,'RE');

INSERT INTO SYS_FUNCTION_RULES_PERMISSION(ID,RULES_ID,FUNCTION_ID,PERMISSION)
VALUES (22001,10002,20003,'RE');

INSERT INTO SYS_FUNCTION_RULES_PERMISSION(ID,RULES_ID,FUNCTION_ID,PERMISSION)
VALUES (30001,10000,30001,'RE');
INSERT INTO SYS_FUNCTION_RULES_PERMISSION(ID,RULES_ID,FUNCTION_ID,PERMISSION)
VALUES (30002,10000,30002,'RE');
INSERT INTO SYS_FUNCTION_RULES_PERMISSION(ID,RULES_ID,FUNCTION_ID,PERMISSION)
VALUES (30003,10000,30003,'RE');
INSERT INTO SYS_FUNCTION_RULES_PERMISSION(ID,RULES_ID,FUNCTION_ID,PERMISSION)
VALUES (30004,10000,30004,'RE');
INSERT INTO SYS_FUNCTION_RULES_PERMISSION(ID,RULES_ID,FUNCTION_ID,PERMISSION)
VALUES (30005,10000,30005,'RE');
INSERT INTO SYS_FUNCTION_RULES_PERMISSION(ID,RULES_ID,FUNCTION_ID,PERMISSION)
VALUES (30006,10000,30006,'RE');
INSERT INTO SYS_FUNCTION_RULES_PERMISSION(ID,RULES_ID,FUNCTION_ID,PERMISSION)
VALUES (31001,10001,30001,'RE');
INSERT INTO SYS_FUNCTION_RULES_PERMISSION(ID,RULES_ID,FUNCTION_ID,PERMISSION)
VALUES (31002,10001,30002,'RE');
INSERT INTO SYS_FUNCTION_RULES_PERMISSION(ID,RULES_ID,FUNCTION_ID,PERMISSION)
VALUES (31003,10001,30003,'RE');
INSERT INTO SYS_FUNCTION_RULES_PERMISSION(ID,RULES_ID,FUNCTION_ID,PERMISSION)
VALUES (31004,10001,30004,'RE');
INSERT INTO SYS_FUNCTION_RULES_PERMISSION(ID,RULES_ID,FUNCTION_ID,PERMISSION)
VALUES (31005,10001,30005,'RE');
INSERT INTO SYS_FUNCTION_RULES_PERMISSION(ID,RULES_ID,FUNCTION_ID,PERMISSION)
VALUES (31006,10001,30006,'RE');

INSERT INTO SYS_FUNCTION_RULES_PERMISSION(ID,RULES_ID,FUNCTION_ID,PERMISSION)
VALUES (40001,10000,40001,'RE');
INSERT INTO SYS_FUNCTION_RULES_PERMISSION(ID,RULES_ID,FUNCTION_ID,PERMISSION)
VALUES (40002,10000,40002,'RE');
INSERT INTO SYS_FUNCTION_RULES_PERMISSION(ID,RULES_ID,FUNCTION_ID,PERMISSION)
VALUES (40003,10000,40003,'RE');
INSERT INTO SYS_FUNCTION_RULES_PERMISSION(ID,RULES_ID,FUNCTION_ID,PERMISSION)
VALUES (40004,10000,40004,'RE');
INSERT INTO SYS_FUNCTION_RULES_PERMISSION(ID,RULES_ID,FUNCTION_ID,PERMISSION)
VALUES (40005,10000,40005,'RE');
INSERT INTO SYS_FUNCTION_RULES_PERMISSION(ID,RULES_ID,FUNCTION_ID,PERMISSION)
VALUES (40006,10000,40006,'RE');
INSERT INTO SYS_FUNCTION_RULES_PERMISSION(ID,RULES_ID,FUNCTION_ID,PERMISSION)
VALUES (40007,10000,40007,'RE');
INSERT INTO SYS_FUNCTION_RULES_PERMISSION(ID,RULES_ID,FUNCTION_ID,PERMISSION)
VALUES (40008,10000,40008,'RE');
INSERT INTO SYS_FUNCTION_RULES_PERMISSION(ID,RULES_ID,FUNCTION_ID,PERMISSION)
VALUES (40009,10000,40009,'RE');
-- first sysfunction permission end

-- second sysfunction permission start
INSERT INTO SYS_FUNCTION_RULES_PERMISSION(ID,RULES_ID,FUNCTION_ID,PERMISSION)
VALUES (35001,10000,35001,'RE');
INSERT INTO SYS_FUNCTION_RULES_PERMISSION(ID,RULES_ID,FUNCTION_ID,PERMISSION)
VALUES (35002,10000,35002,'RE');
INSERT INTO SYS_FUNCTION_RULES_PERMISSION(ID,RULES_ID,FUNCTION_ID,PERMISSION)
VALUES (35003,10000,35003,'RE');
INSERT INTO SYS_FUNCTION_RULES_PERMISSION(ID,RULES_ID,FUNCTION_ID,PERMISSION)
VALUES (35101,10001,35001,'RE');
INSERT INTO SYS_FUNCTION_RULES_PERMISSION(ID,RULES_ID,FUNCTION_ID,PERMISSION)
VALUES (35102,10001,35002,'RE');
INSERT INTO SYS_FUNCTION_RULES_PERMISSION(ID,RULES_ID,FUNCTION_ID,PERMISSION)
VALUES (35103,10001,35003,'RE');
-- second sysfunction permission end
SET IDENTITY_INSERT SYS_FUNCTION_RULES_PERMISSION OFF;

SET IDENTITY_INSERT SYS_COUNTRY_CODE ON;
INSERT INTO SYS_COUNTRY_CODE(ID,COUNTRY_NAME,COUNTRY_CODE,RECORD_STATUS,UPDATE_COUNT,CREATOR_ID,CREATE_DATE,UPDATER_ID,UPDATE_DATE)
VALUES (10000,'Hong Kong','852',0,0,10000,GETDATE(),10000,GETDATE());
INSERT INTO SYS_COUNTRY_CODE(ID,COUNTRY_NAME,COUNTRY_CODE,RECORD_STATUS,UPDATE_COUNT,CREATOR_ID,CREATE_DATE,UPDATER_ID,UPDATE_DATE)
VALUES (10001,'China','86',0,0,10000,GETDATE(),10000,GETDATE());
INSERT INTO SYS_COUNTRY_CODE(ID,COUNTRY_NAME,COUNTRY_CODE,RECORD_STATUS,UPDATE_COUNT,CREATOR_ID,CREATE_DATE,UPDATER_ID,UPDATE_DATE)
VALUES (10002,'Macau','853',0,0,10000,GETDATE(),10000,GETDATE());
SET IDENTITY_INSERT SYS_COUNTRY_CODE OFF;

SET IDENTITY_INSERT SMARTSHARE_LOC_MASTER ON;
INSERT INTO SMARTSHARE_LOC_MASTER(ID,LOC_NAME,LOC_PATH,SEGMENT_NO,DESCRIPTION,RECORD_STATUS,UPDATE_COUNT,CREATOR_ID,CREATE_DATE,UPDATER_ID,UPDATE_DATE)
VALUES (10000,'Default','/usr/SmartShare/file',0,'The physical data storage location',0,0,10000,GETDATE(),10000,GETDATE());
SET IDENTITY_INSERT SMARTSHARE_LOC_MASTER OFF;
